-- Initialize the database.
-- Drop any existing data and create empty tables.

CREATE DATABASE IF NOT EXISTS przepisy;

DROP TABLE IF EXISTS users;
DROP TABLE IF EXISTS photos;
DROP TABLE IF EXISTS sessions;
DROP TABLE IF EXISTS recipes;
DROP TABLE IF EXISTS steps;
DROP TABLE IF EXISTS ingredients;
DROP TABLE IF EXISTS comments;
DROP TABLE IF EXISTS users_recipes_stars;

CREATE TABLE sessions (
    session_id int(11) NOT NULL AUTO_INCREMENT,
    user_id int(11) NOT NULL,
    token varchar(80) DEFAULT NULL,
    created datetime NOT NULL,
    PRIMARY KEY (session_id)
) ENGINE=MyISAM AUTO_INCREMENT=1 DEFAULT CHARSET=utf8;

CREATE TABLE users (
    user_id int(11) NOT NULL AUTO_INCREMENT,
    user_login varchar(80) unique DEFAULT NULL,
    user_password varchar(80) DEFAULT NULL,
    first_name varchar(50) DEFAULT NULL,
    last_name varchar(50) DEFAULT NULL,
    email varchar(80) NOT NULL,
    PRIMARY KEY (user_id)
) ENGINE=MyISAM AUTO_INCREMENT=1 DEFAULT CHARSET=utf8;

CREATE TABLE recipes (
    recipe_id int(11) NOT NULL AUTO_INCREMENT,
    user_id int(11),
    recipe_name varchar(80) NOT NULL,
    recipe_prepare_time time DEFAULT NULL,
    recipe_cook_time time DEFAULT NULL,
    recipe_bake_time time DEFAULT NULL,
    photo_id int(11),
    recipe_category varchar(80) NOT NULL,
    recipe_created_date_time datetime,
    PRIMARY KEY (recipe_id),
    FOREIGN KEY (user_id) REFERENCES users(user_id),
    FOREIGN KEY (photo_id) REFERENCES photos(photo_id)
) ENGINE=MyISAM AUTO_INCREMENT=1 DEFAULT CHARSET=utf8;

CREATE TABLE steps (
    step_id int(11) NOT NULL AUTO_INCREMENT,
    recipe_id int(11),
    photo_id int(11),
    step_number int(11) NOT NULL,
    step_description varchar(5000),
    PRIMARY KEY (step_id),
    FOREIGN KEY (recipe_id) REFERENCES recipes(recipe_id)
) ENGINE=MyISAM AUTO_INCREMENT=1 DEFAULT CHARSET=utf8;

CREATE TABLE ingredients (
    ingredient_id int(11) NOT NULL AUTO_INCREMENT,
    recipe_id int(11),
    ingredient_quantity int(11),
    ingredient_unit varchar(100),
    ingredient_name varchar(100),
    PRIMARY KEY (ingredient_id),
    FOREIGN KEY (recipe_id) REFERENCES recipes(recipe_id)
) ENGINE=MyISAM AUTO_INCREMENT=1 DEFAULT CHARSET=utf8;

CREATE TABLE comments (
    comment_id int(11) NOT NULL AUTO_INCREMENT,
    recipe_id int(11) NOT NULL,
    user_id int(11) NOT NULL,
    comment varchar(5000) NOT NULL,
    created_date datetime,
    PRIMARY KEY (comment_id),
    FOREIGN KEY (recipe_id) REFERENCES recipes(recipe_id),
    FOREIGN KEY (user_id) REFERENCES users(user_id)
) ENGINE=MyISAM AUTO_INCREMENT=1 DEFAULT CHARSET=utf8;

CREATE TABLE users_recipes_stars (
    user_id int(11) NOT NULL,
    recipe_id int(11) NOT NULL,
    favorite boolean,
    stars int(1),
    FOREIGN KEY (user_id) REFERENCES users(user_id),
    FOREIGN KEY (recipe_id) REFERENCES recipes(recipe_id)
) ENGINE=MyISAM DEFAULT CHARSET=utf8;

CREATE TABLE photos (
    photo_id int(11) NOT NULL AUTO_INCREMENT,
    photo longblob DEFAULT NULL,
    PRIMARY KEY (photo_id)
) ENGINE=MyISAM AUTO_INCREMENT=1 DEFAULT CHARSET=utf8;

-- TODO: Przykladowe rekordy - NIE WRZUCAC NA GITHUBA!

insert into users (user_id, user_login, user_password, first_name, last_name, email)
values
(1, 'query', 'Query123!!', 'Ania', 'Zowal', 'anna@example.com'),
(2, 'helcia0412', 'Asia1hel!!', 'Asia', 'Heluszka', 'asia@example.com'),
(3, 'tita', 'Tita0522!', 'Agnieszka', 'Heluszka', 'aga@example.com');

insert into recipes
(recipe_id, user_id, recipe_name, recipe_prepare_time, recipe_cook_time, recipe_bake_time, photo_id, recipe_category, recipe_created_date_time)
values
(1, 1, 'Ogórkowa', '00:30:00', '00:30:00', '00:30:00', '1' ,'zupa', NOW()),
(2, 3, 'Pomidorowa', '00:30:00', '00:20:00', '00:30:00', '1', 'zupa', NOW()),
(3, 2, 'Murzynek', '00:30:00', '00:10:00', '00:20:00', '1' , 'ciasto', NOW()),
(4, 2, 'Sernik', '00:40:00', '00:10:00', '00:30:00', '1' , 'ciasto', NOW()),
(5, 3, 'Mleko', '00:40:00', '00:10:00', '00:30:00', '1' , 'ciasto', NOW());

insert into users_recipes_stars
(user_id, recipe_id, favorite, stars)
values
(1, 1, true, 1),
(3, 2, true, 2),
(2, 3, false, 2),
(1, 2, true, 4),
(3, 4, true, 2),
(2, 4, false, 5),
(2, 5, false, 5),
(1, 5, true, 5);

insert into photos
(photo_id, photo)
values
(1, '/9j/4AAQSkZJRgABAgAAAQABAAD/2wBDAAUDBAQEAwUEBAQFBQUGBwwIBwcHBw8KCwkMEQ8SEhEPERATFhwXExQaFRARGCEYGhwdHx8fExciJCIeJBweHx7/2wBDAQUFBQcGBw4ICA4eFBEUHh4eHh4eHh4eHh4eHh4eHh4eHh4eHh4eHh4eHh4eHh4eHh4eHh4eHh4eHh4eHh4eHh7/wAARCADhASwDASIAAhEBAxEB/8QAHQAAAQQDAQEAAAAAAAAAAAAABgMEBQcAAggBCf/EAEYQAAEDAwMCBAMFBQUFBwUAAAECAwQABREGEiExQQcTIlEUYXEIMoGRoRUjQlKxM2JywdEWJDQ1Qxc2RXOCkvA3U1Wi8f/EABoBAAIDAQEAAAAAAAAAAAAAAAIDAAEEBQb/xAAvEQACAgEEAQQBAgUFAQAAAAABAgADEQQSITFBEyIyUWEFcRSBocHwIzNCsdGR/9oADAMBAAIRAxEAPwDplF12gZrf9qpVxmoJ/wBDpQQSc+1Jubs8ZFPDGL2iFceWhXU0+beaIzkUCokuoOMninsea6U9TRcGDtxDRD6OxrYOpNBn7XLSsLXipW33RK07lKA9qEgS+ZJTC3uG4fTNRtwdaQ2VKKU+1R1+vTCG1J80eZ2SDzQdeLtIeWhJUvb9am9QMZh1puPMOIspKz6TmnLiyU9aHNPuLU2lR4FEB+5moDmC6gGeDrxTuK5g4NMW3Buxml0HkYq8wcSXa55pcJyKaRSraKcpdQg+sgVREsTVKi28Aehp6XEhvJNRGoLnGiQVvKcQMDKeetV5P8RmATGbebDp6Aq5q1qLfiaaqLLfiIdXe6sMuEFwcfOoVzWDUdW0HNVRdNSvPyFOLeVyemahZV/UFE7zXQr/AE/7nUq/TCR7pdsjWTjjRKCECoeXqlvaVOyE57kmqSuWsJCEFCVj86Fpt/lvrP75WCexrWuiVe5qT9KA7l53bV8by1hLm755qr9RahL0pSwTgdOaHWZspSQFKOKZTlrUrnOacqVrNlWmrrks7qiW2x5KVfLPcUxt2pJrUsDzD5ZV6gT2qIcbUo5zTWQ0tKvQaB0RvEllKHoS+7HLiS7UDkJWRncDRNp3U4ZZLTqN6E8BROM1zvp27TIyktreUlGcYovnaoZh23cp3cpCeAO9YLNPzxOTbpOZ05p+dEmw0uh9Ct4yNp6VOQrg0wCHlYQehrjrR+tbs27+5mqQ0pe4oHtntXTlivNsmaVbkfEtuJW16iVcg96y2oobbnMwanStSc9iOdY3uBOaMNh1KykEkiqO1hDLVwCU87+RUnan5TlxlPNO7o/mKAWrncAeMUzlyDPvjcclJ2nvVekGXKwFRkfiQiITrQDnII7UupK3Wgk89+lWpD0miXCSSgE7aYy9JfCpICOBWQnEv1ATK5ZYUfStR+WaSUh6NJBbcIGaJrlayyskJINQkhpXmc0stGDEfw5z2AVnOKk/2kHWik4BxQ9hbaMniknHFbcjNTfB25jm6OOukhLmR7ZofeZf8w8Gni5a0HnkUiuejdzSzgxgyJ0I9++e81DZKP5qRnbUt+j1Gn9iHnJQlSsHHIqXdtbHk8JrokicrnxAYP5OCg9cUot5bTSlIHSn90YZZdSMYGeMU6jxm3WDlI5oRC3GVbqW9yGZbYQhSgVc8UW2qZ8Ra0qAUF7elK3zTrD7oUEdDTuBARGjhIHQVRTmPa0FQMcwWtVimv3lyQt1ZCj909KLE6bWSlZGflTiC6iO9kpFEEWc0vGCKXVQlWceYlmLHMbWuwKQhODtHtU3+zPRt608hOIW0CCM0upaUjKlACrLEHEIKCIKzLctklQHFMviEsEb1Dj5038XNas6XsyZLTbMhxa9uxboRx3Pzqrf+0KFPYTIkPtwkun0Fbgwr6GjR6y21zgzXRobbRuA4lvr1FDYQUlxINDt71KtZIaJSn3oAn3i2GO9vuLLjzYC9nmBJPtz7VVS7lrOXfXXmrk18O4ClLBJUlA7c96F9bVUxAGZ0Kf05QecywbxriNOmT4keWVLhj984pWEoz86511c1qWNqBV1gS3JbbjmULbWSASeBViNab0vdbLMTd7wqM/vUt4skoC8dz8qC1S4NpuYhQJLTcZpeWUl7ehe3uc9DXOssawhz5m0KEyg4hzo+63CYti23aOpMs4ClA8D60jqrUPwzEldqaRLRGd8lwJ9Sir5VV8vWKoerkThKeaSpRLqm17go46Us1ftS3Vo3KwW5puOJIQlLacqdcPfHc0/+L1RrALcRp1ag7VMOojE+9xRKZhuNDGVhY27fzpJENbDoDoGM4BByDQpqC764a0/LjTo7zTrQBUQMApPXp356VDaUn6q06WZ0uFJciPj0l9BUlOe/wAq30/q9gUCwZ/7lnVjdt/rLhY8ryQNvNR10bKAV5ArSw3kzoaHZ646EJJ3OJJPH07U11PfrCYCXYxkp8xwttubSUEijr/WUZ9rLiM8ZByIwXKPak/iR3ppbW3pjy20HbsSVrUegApg87IJKm2HlDOMhBPNbjqB9yi5xJaTL2oyOoqEulwkvNlHmEppyiPcZLClJhSVJAySGzwOlJizXZYOLbLI/wDJV/pSP4gvM9jiMLTd5kJeEqNE9q1de5D6YcZ15CFnC0pUQDTay6OvMp3cq2ykp+bSv9KM7FpWRbnw4qBICk858o/6U2vSq53GLUK3mXX4VW74uxModOCG8uZHOaibpoi6sak+JiTA4y56k7+FZz04qNtGr5VljhtMWQ2Ujp5ROf0pxY/EO4u3MOS4anQV5G4bdo9qv+HZW9vU59mmtDlklt6CnSmwmJcGlNqSMJKu9F9xhsvslQxnFVvN1BHlQ0rirIeWoKBxjbRVp+TdZcYJKkOKHfpmsd9B+WJz3RhywxBvU8NLZVhIqu7yQ05nHFWfrRDsNIMtKUhfQg8ZqtruyH93lncK5zKynqNTrMgZdzTtCOM04jusOxcqUNxFNHrUtSjlFJotspHCchNQnI6l9RtMUlKlAGol50+YcCp82tz+IUkq1pzzQCuGHnStviPsughog/SiNDLi2gFcU82p/lFe1qazMwKmJCyLE0+5uWM4pZFpbQnAqUrKHeYWwSBuFqQWioHBoXedDLimVnkGjq5OISyc+1Vpfn0JnLKTzmtFSNZ1ItRdsCPDsVyTS0OQ00v1EVApeeUMpzinkeKp0blKOa1rpcfKa10oHyMnP20ttzYwr9afrurQjJVLkIbCuBuVjmhRWyK4SSMdyTVP/aiuTi9LQ1QpCkuNSN2UqwNuMGg1IWiveBNFekVzgdTz7TtqVqW6sKhOPrLLCsDftbJ7ZPSqnvGjrjB0VHt8y4wVTWxlKnJG0NhR4SKiXNQzNRafahXe9SmYsN4Be1X7x0bc4Hv0xUNrW4sXV2JOsqZTm5oBW9e5SXEdM474GcV552eywk8czqD060G3njEeuWebGbkS9S3BppJQI7flkqCfY8fnTfS2om1Sm7ZLnSHoyF4xygHH3Tntmndjj3p6e2bosOtrbClvrdQEpynhJCuMj9KcIToi0tqSvbKdZcHxSyoeonkbU59SaA46b+kMZ4ZDj942aN8vrM2DYoYjLSlWULUQlbRV1Cj1qGTo2SlD7sqVlaRt2MpKlE/L5dqP/h139v4KM9PhO3FCRGUWsB1GRykcYTjntxQ+5anY896FaL09KiJeDa22fWrGPWd3bn86JXPXUCypScnn9pX+oNMXa3FLb62FqyPQhWVgHuRVu6K0vBtjtktcCRIk3pp34p9TJJQzkDAOOp6cVGIsBRMjwXLY7IudyJZakuEkIbwStwjkBXHGPanE+bLsM19i1yDa7fEKPOlPIKXpJTgkjGck4Pyx1omsLHaIqqhaz6hhLqW4Q7C7PhXVLarkwz5zga6knJVyrPI44qtNRazauj6ViROQgNbVBATg9eopPUHiFJnvXHMZstyFfu0pHCRzyfcnih1i0yY+J8lSorxKXI0ZTWVOj72SOyaFaQDkxlmrYjakltAvSVahEW0uSJMd1SPOacTkJG7kn5YqyPEDzbleFM2mH8JaIwUl5xllSykhIJHIxkmg7TmvU253Mq0OIXLdKlOhOCQtISFHKeU55HNEFzvaLlaTEbv6oiIylEsFvDYUjkqVtJyDuxRWkjxK04Vh8o0k6iRbrHHjokblzG1Jy21gEZABPuqpaxSpBksnzT5TASD6jgnjOQR6lc846UK2S5XZTuF25tMtp9LiJamB5aGjnKgP4jnHT3qeVPgrgOzIj37NlB1bcwltRdWVgHLecAAnsKU3RJmhLCSAOhB/W92v1n1JNU7e2ZKV/eaQraUjqBj5bq658IPEzw8vmkrK3PdEaeqOhp5ciPsQp1KfUAroemfxFcZNJnW3UMZV1iRpSUFa9m0OrBAOwuAd+lG951FejZIirbFhCM20kNklIU4pQ5cwr3X0H6VopsNYyOczDqKhecPkATvpi1WgMh9tpgtEbgsY24980jZRpy9xTKtrkWU0FqQpSMHCkkgg+3INcPeG3ivf7Npi5Wy8yZymn2Fxw1ITuQUkkFKM8JJJPP8ApQH4YeLF/wDD7W67nZpLrcN58fFQlklp1GeUkHOCOcHrWpdQzGc2zRhBwf2n0me09anOTEaP/pFNV6WtBOfg2f8A2ihTw/8AGfQ2tJSIlsuiW33AstJf/d+ZtVj0578g464NH0ObEmbzElMSAhW1flOBe0+xx0py2k9GZHrdOxiRC9L2wjAjNj/009t9vTBGGQMe1SBPNYTRmxiMEwCxPmDGr9ODUDaW31lCEHICT3oWT4dqj58uQsjsFc1ZxxXhFX6hxgyxYwGAZUc3RU9skoCVj6VDzNPXFgHMVRA9uavFSQe1IOMNL+8gH8KAqpleo057mR3mshxlaPqmot1B3muiJlogvghbKDn5VBSNG2l10rLCRn5VXpfRhC/HYlh1qtxCBlSgKgL1qCPFQvC+QOgoBvGsH5BW2wsgA4zmqFf3IMnqWPc9Q26Ck73kkjtmhW5a8UTthtFYJxn2oTjW5ycpLspxa1K5605kCHDQW3UpSce/StddVY75jUVfPMJotykzW9zz+M/wiojUMNDeXxg/50KOanSyvyInmvOA4CEJ3E0S222agvsVIeZ+EbPQq5V+Va0wnPQj1xWeeJAyb+ww3tB5Fe26+XGcfLgQn3vmlPH50cWPw2tUUhyWDJX1y5yPyoiuqLZp3T8y4FlttqKwpw4AHAGaqzW1LwozCbVL0gzOcvGi4agtNuZe+IDZz+/YRydp7k1Q1/uV1vzLanXUBttXloQt3G7v0qdvOt5WqrndpEkqcG1zyGwohO09qB7JaWbtcoqbSy58U0+l11LqipKEg85+Vec1NhstLsJ1hYBUBmMVR1sPoXtCQlX3eSBjuadpejJhrQWysA+YlCD6QsdVHvmugbnoiyXKDOgw43wkuY0FFSk4T5mP4R2FUpP0HqK33Bi2uwVpcdeLaF7cBXzz7VnW+t854xEDIxt5kHdJMufZ3cxghZISFlW3gglXU/MflUpbI1kZ0iL3EYaE1vY2oylb8rTgq7YGee3TvWa00bfdMx23bindGeOEqBzz1wRUC7BmotTUWS0+3FfPmtDbtznqfnwKM7XXCnuElhVtzCLL1Nqq439V9aYlvJUQwoNhQT5Z48sHtwe3vRwzrjTdvYDMaE7FTtK1JUgJyNvyGTkjGflmgDV1znS4bcNtrCWinK0NYWSEhOAR2wBx8qV1np2M3d4jEOW+lhSfW06rzHW0JVhWBjrjJ2n86uysWYDcQq7nq3MvPX+CWZbr7dZOk27jEmNxo9w3o3JZBTGaAxnccHOU4HuSqqQuEt98pS7IecQ2CG0uLJwMn/WiW+aveZtDMGJ8Y0xDHwqUFG1KBtwc443Hk/rTW66RWxo5F9fu8ZUl1KHRCQf3iW1AEE7sHoewNNRAsRdcz8DmQkNmQGkupgrksqV5adyTtUTwE7vejVtTVtsf7Yv+mQpbawlpl1xWEgAbDjJIByeT1wK9m3yfYLbYbZaYjMKK8y3I3Px0lwvfdUtSiNw5HTPA+VNbzdHL9qWZN2zJ9tcKkLabJyTt/HOOD2/ClsWznxDrCgYzziZZNRTn2Jt4uciNOjJUlYgrJKdxPAKRgAAJPH0qQ1Ndbaxp6O4zZUl6YwS66Iym0nceTu3ccdse1YUWXS1oVKt8EpfeZKliUFbSpChjKFDrlWBj3PtQ3DduGp3nJl2ubbMAvIQ6FLKCsZHpQAMZwOPpSwdxJ8RxJRQp5bH7yRU9G041Et9ymuTI7rO6S0k7UoUT91Khkkp6nHfNWBYk6fuluaWzJkfCSFHyGELO/aghBdWevI524P3c+9CjEK2wpRS5pCRNjrXtcUVreUySlKgkjjASFDPzPXtU/pC2W+dAbbZt1wS3H8yKgL3NttBWd52lWeQrGeTz8qp2TGCIVS2Z4I/vH96a07YbhJMq5NrSyG2/3bQBdzhSSVp6ggHgn8RUHPa0zbksXN1SFJYG5pLDqFeWVkkEIVwoJOPuk4zQh4ix2EGPNgJS3He3M7E55W2raVc9Qeo9unahJwPLbCVqJITjBNWtAYZBxBs1RRtpXJlx3bUcINx59rbXMcLZcRullO0BOMls8HkHjuaGZ+r7ZPeSlFngNrUpTjrvw6E5KvkeSQT7847UKaZuSYuoG5eUx0JaWnIRuxlJHTOO4NKz2npjnnPnzXFLKi4EgE5OTk9+tF6QBxB/iS43CFrce3QI8R2BckSLguQnzS2vyWmQeU4SrG7Hck8dMUX6C8Xrn4WXppm3zI92glQVPZbR5aXSSeN2TkgE4UPYDpxVUzUF2GUtOBKtwSkngL/HsM1BIKn0LT5idwBUrcepFMVTndmJstAXZjgz6q6D1VadZ6Whahsslt+NKbCiEKyW149SD8weKns18xPB7xS1V4dXUyLDcP8AdnSPPhPepp0Z54PQ/MYNfSnTt0avVgt93YBS1NjNyEA9QFpCgP1rcjbpxratnI6kjmvCa8zWUcTMNJqrc1qasSoiukSOacKpFQ5oxBgbqWyidZZLsaQUyNhKTu43DtVPafuC4UiQi6rSl5KzuCjUu7rWYiSqHCDkp1448pA3ZPyqZ0z4U3G/S/2lqFRjNOHd8Og+o/U1LMgZE6aotIIsMjrLqWVPnmNbY7j5HXYM0XRNFXa+SQ/dF/DMnny0HJP1NWHpzStmsMZLECG00AOoHJ/GpnaAMAYoVtK9TO1vPtGIOae0fZrOgeRFb391EZJ/GiJtLbYASkDFeGtFKoGYt2YnPmKlVBfjY03K8Lr+w44pAXDWAR1zjiixTmO9QetLcL7pm4Wkq2/EsqbB9iRQNwpxDrIDgmfOxlA/ajUGO4iEyg+pS+dx71e3h1oW0RX4GpkTG5E59Accba4SSOxFV9q/wuutjuMtTxQ4uO0XFhbmM+20d6JfAN6fbrLK1DM82SwglpLJ9OwJHX5+1c+8+3OcTrgbuBHdz1Vrmb4lyoqLcXYypAEc+XhKAO+6rQtBkuSfOuUFTk1BykbcpGO4NPrOI1yionx0pSCdwSQPTml0ou5vSXYslkQ0ghbZRkqP17VxGDWOG3Y/vNDEAbQJDartkC/xzHnW8paXypLqMjjuPaqpvyIl0lTIggMsWu2jykkggpIIAIPsRnFdEutplwVtuN4Uedw6/SoWHaI70Z5hTLO4p2qRjkj3NZhvR9uc55z+YddigZI6nKo8Pl3G9Pw7XdmVrYIUtDmUFBIyBnoTj2qM1Xpy4WGU1HuSEec4rDSxhe0HhRz37da6gteloemlzZrwQ/8AEErW4WxkJ5PP0H9KG2H9Pa5hOQVw2HWCpSQVpO9sg4yQOUk9jmuhXrbVYb+ZRRSDsHEoi+6isUizOWtFvZUHljDi07EjgArWRklXGeMfPPSnI0mu93xM+6TVSo8eQkK8rDTCQPUsFfXaMpA4z9AODLXHgu9aENXHS4lTkBRLralJJbxzntnv+lVdcZdwbuTZfbcbQhl0hLqdigvGfUOecj610AQwyhxBWxW+Yz+0JNXDTK1QpL6m5KlhbW91e9DRGMnbxnPPqJznmhjT10iy7zCt1uhR4jindrrjA8tJT1UrrknA6Ekcmomco3G2ErCm1EEhKiCdw/H61DwbWtMUSm5hRMIK2UpWEpAHuTiiroCjBMl2qLsCqj+8uSPpvTCoMmXNYQ4XUl0qU+FBKN+3A9RIUSO350NWlRD0yLpJ9DDct5LLMeWydzJPDhbIyAehPfGahPKvxjiBd3WBNuJajJ/3hBUhCScFYQSeuBkjIweOc0tpyGzYtTPvzrm+i3sMDdIitrKVLUACjcUgBQBPPyqbNnRhmwWEe3B+/qSkaK1tes86/THJmfMfYjqBT5hIJAT1IAyTjqfpU8rVFhi25+zEyFyypLLjbyg2rPTcVggDrk9+3YUPWS+6bm6qluu/7ky80opeSwCv5AYHzPPGcCou9jRKoDybWXBIU2pZkSStS1KGcA84B78ZoODjdmO3FclSD/P6kJqwpW4y2wUNssJ2JYPVGOp+eSSc1BKc8zcSk7R3zW9ulCRcGzJJcCTuKTlRcOR6ffmtXo0hKgXW3WkknCVDB68jmtirt4nIss9U7hN7W42mYQsApHcJ6GpOc7Lbdad+6FkbgVcZHTio+IzskqQgBfZOR0460urc7JHmrPljhsrOQOB+nzqmHOYSMQuIsqSJT7Da0qQ0ePScnk9aX1G9ZTMdRFhPR3mUBAAc9KyB1Ixx9M1avhX4cB9f7avTMGTbQMtbJHmblcZwlJPQnFVlruPaFa1uDEJ/ZCRMUlCiDn+8CMZ4Of8A+UC2BjgS3yO+450Doa76nU+/DZyhtvegrIShZzgjJ6HrXZ3gRri3aVgW/wAOdSLmxbglYahSJKy63J3D7qT/AAAHgJPyqpvBrUOlG7Qm2sSo9rW04htvzcFb6Tjk5GMkqIxk4ov0o/qr/tstbkjT6JMBTxajylNJKmUhOFryDxkZwPnWGvV2jVAE4B4xH2aas0EEdczqEKrbNNUqIpVK69BiedzFK8NYFZrDUlzRVJEc0soUmRzRCDIbRHh/ZNMsJLLAdkket9wZUo/Wi7hIwkAVhNaE0kkscmPJycmek1qpVeFVJrVVgQZ6pVIOLrHF00fcwOtQnEk2ddxTN2RzwaQlSMZ5pC2yEG4tlw+kc/Ws9lwHEatZIzI3XekYFzYTcn47TskIwjzBxzQbDssO3RVW5qO002rOQkcVZ99mtS4Sm1lTSkq4xQbdIjDiydxS72Oa8/rdWrttqIJ+szq6atgvvkTYogt5ciNt7Wk8hX82alSEoSSE4J5471vIS3FaaUHCvcAnOO9JOrAQVpGVAe/WllgODDOW5iydyY6EDdlRySOwrRuJGf5U4UvIJwoHBxS8Ve5ltW4LCk5yO3ypFktKfLC0pUFjAPSluisORmUGIiT7PnNlK1Jej4KFg85HzoFm2KAu/u22JHctxU2FoWwNm8juO2R8/ej6O2zGWpoFO1Q9QFKKQy2pKF7d3RPOaoIXUboxbfTJxINm3S0x07ZqlII2qStI69PxFc3+KXhNfLZFe1F+6cdU7ufaiZKSkqPbHTGK6pU2h9s4UQUqGFUgGJKXSlQQpgglRxyfYUdLHTnC5/7lb88mcHzmhb3kplIUwlSvMaUScbckA8fjTdxLSeAylSEnCVqAwodiOea6X8avD9jUzsSQ1FUhUUKzhvhaD1Hp5yOcVQeorcldiQWUbkW98xnkqbwgbsqQeQD/ADDoO3vXV0+qW395TIQMxpAvMq2MLVDU0hZdSvhCRnAPBPU9T3qTYXbptukqvKDOcbQsqUqUpIW6o7gAngBI9WR1zjGRQS+3cWWEvt+S82VFK2xwRjHPJ5qUtYcnNApQVttpAKc87ie+OeMVpZVUZkS5ydpmniBJYevKEw2mGozTKUthlJCQAORzz1zQ48/8Q8UbEggcjGMVMXhLi5JjFpeWgoEK4ABOeDUK5GIWpZypShj0/wCdGgAERazMciSumZbFqkqmMpQiQ20vYvZvIUfulPsR715dbpcLwlpc6Q666lRCSrnAPJz+NN7dAmT1fDxIzjpCd21Azx71aPh/4M3i5THV3Rp2CwB5iAsjc6e4AB4HzqmZEOSeZAzFNoGBK8sSIb86PFkPKYQ6va45tyQCQOPbqfyqwWPCicrVDFtUhbsN5aUplbeMDJUByBnAP5D3o9sP2e4z16S7JnOfs/OfKSR5gPHGTkYq/omnYrUdtsspy0khB7gYx/SsGp1pUj042qtAMPOer1qODZdNMMWKzyIltgvrS86HQhSiElGSkclRUc+odqozT1tVc73mS9uS8srQ/IUE5BUfWrn8+a7Qa8NbMxZbha2W1Bqepa3STk5V7ZoWtngVbIUppMySZkZB3KZ8oJSo8HA546DrnNZ9NrQiMX4/MdbWjMNsFNA6GizxcHV29tp5hKDBeS0UA7OQ4D3Gf096tD7Ojd4bulwnTXlNNy1BLhWN25aSrlOfup5AIHcVYtvs8SNFaaajhsNoCUpI+6MdKXDCGFIQlle1agn92OnPU/KsytYLVsJ6MOy5HrasDuG3l1myl2UgMoAzjaOvWvSmvYBp5ciN8Yr3NKlNbfDrKcjHNXmVgxWMW1NhOBnuDXi4iFKyCR8qbKSpB5yCK3EpwDBwfrQ7T2IW4dGOCa1JrxRpNSqqFPVKpJa68WqkXF1ckx1fFR8pzrSzrlNnQVUixoaiR8jconFeQ2AuSgKOOc0u6AmgvxB1rH0cIcl8kocdCVYGSB71zrO8mbalLe0QwkvokhwhlxraopIWOuO9QsyOl1pToGSgjnNSse6Q7rZG5zK9yXUhaSO4NRMhYShRT909RXlgA2ofOP8AOp1VyqDHERX5LoLbmMAZH+taR0GQlbWcYBwRSU/cmIHgj93jCljtWtpU6pp1O4bk/dI71v3AttIicYXIMWtyVsxvh924BZO7uK0bjSFyFLTIQoDqjb1pV1MphAdeQEZHTPWkYZAmOJLwTu4UDxiqCDCr9fylZPJnqHWHFJbVuDpBSCeMGlXWCp5C0KABGFAn+lezoin0pU2dqmyFA+9boSgI3oGT1HPAqlViSrj65kJGMrFY7aVFS0LASnr2FIvPIdKmwlYWhJJTn7w+VLFKVNFGdu7qcd68AIQhxSEuLSCd6eM/hTiGyBABHcDri86tZYioXLW2UrSg+hSAo4yd2M4GTiq9mptN3tly03JcL8pSyt/e2GnVLSvAV8gcYBNXTPZY8xh5SCFk8KA4+hoDuWn29M3C+amjq+IYkMKcMZxHKFjrtV7H2OcdqWitk7TjE0q6kYInM07R2oba4/8AGWx0MtE/vUDc3g9wf0zRnpLwluV8t70hc/4B4NhTIOfUDnGRxgA496k27TrLUdzmIDTkOEwpp1QLh9W/nIHUge2KvCFaFM2zyHXXXUJKdiknnjtz2P8AnW1tZYV9wkasJ0eZxvrvQV/0vOQi6RnTvWCl9rKkKz1Gfnx1oq8PtI3CLPhx7hpZct+S0uR5hVkpb4SMjGOpHHzrpW8aQful1ZlPqRMtYSkPRnj6mnEnIWk45HuPpRg7bIyIgEZlKVBO1JxyPlSLdbY6lSMY/rKrFaEHsmct+GlnkaejXfVGoLXAt8FsrYbQpvKwoZzt6/TFXx4cqi6i05bdRtwfIU60pLXmD1BBVg9OmdoNTarKw/b/AIeXEYkNglakuoGFH3xipm2R2mYaGGWER22wEobQAEpHsAKzev6hxjkwrCMcTWJEYaUQ0gJHcAdM04dKW2VLO0H88mlI7PloUtSgoknH0pIoCBtWNwHI+VCzNs6wYkAFu5qhGEBaykqGecY4pxGSlazuSM9Bg5xSRIVkZHI/OtmlJQkADB7VFwCPqQ5Ij15WdmANoPGDWrYyskc5pmt4rk+SG/Sgfez3p02vGAOe1EuoWxiR4P8AWCayohfDz8I1k5O0UpSNvQUQmgTklOfpSpNeyrOVE4TdmeGt23Sng8itCa1NHjMHOItIW2tvj73amhBzW5rU0SjEFjmLKNJLVW6jSLhoYcTcVgUzfeCe9KvqwKjZBW6opQCcdapupaxjqG+w7LCE2aspZ3hBIHTJxUk0+29HS60oKQsZSR3oa1ZCau+nJ1ucH3myAfY1UnhF4kvWy4/7JX5wqbSstxn1HkYOAk1htuCMA3ma66S6Er4lmN6mW3q6XYLgEtuEByKrstPf8QaEfG+1uT7M3cGGvOXEXuW3/MjuKf8Ai9anJDMLUUIqS/AdC1LR1Lff9KMIUNu66UdlISJO9gnb/NxWRq2dyk0I4rAcRvaJdqd0bb3bYnygllIU13HFMFyt7S9pAIFVtpK/vsLct60qSppR8tJ7pzyPqKJJ90hxmUvqkoSlY6FWOa4HoubW45nSyFUcwit17bXZ3oDyC4FK/I1q2pTSstJ9OORQ3b5cV0pkNKSST1B61LSJaUAbD1/SnJvAG/scRTbc+3zJX4xbjHqG9BOM90kV5HS0qQpbjYccChk00huqcaW0gZ9OU4HepCCltSSlYwvb1pu3JBMWTgR604d6kZGQcEiscQpCyloDHUjHakUhJX6jjPXA70s04B6R/wDBRHnuB1NkI5znbgYP0pbClD7u1PUcUm0cpyFcDtil+MJBWQnsD3olxBMbyGkSopYBWjPAUnGR8xTWbFMmK8yFlLmzG8pyDkdfbNSTSSAThe1Pb3pHymHiHY7qspyCkfw59waAkZ/JhqcQN07pluNdk3NbxE5zaJZQFbXSkYBweBxRmlloPD1etP8AaYHBFbeUW0ZSEqVjCuMZpuhp5l4yAsrQR6kK9qA/6Y6/eMLGw5zFVzosZ8ZbUWyOShJOPrUitCSlKwo7Fc5A6iknmGZdvXngrHTGCK1jOhplDGT6RjChyaz77EsKuRtIyD/aTClQVHI7nq0JV6SAQe3yryHKiqfXEDrZfQMqRkbgO2R7Vq44hBUsj1Ac4GSKjrVpy2268TLyy2tU+Zw684sqO3jCRnokY6Crrcg5H+CEVBXBkm4Ch30ggdce9JFzLhQEqxzzjilX1qAVkZA6ECkwoupyOBjiqPywDIOsmMnrpbWruzazIb+OW0XUtH72wcE/SnQdKX0t7Dtxnd2pk3AjonqubrbSpZb8sO7BuCc52564zW5dXtC8FRHYCqLnGev/ACHtHXckGwlLvoHXmlY60Ll7dxO3rx1ptb/USpZwepHtThjZ529AAyTmqww2soGMwDjkGFNl3/DkqdUodAD2p8aY2ZWYxGMYPX3p4a9pp+alnBt+ZmGtSawmtCafFGek1qTWZrw0QgxVdIO05UKQcFCIcYSvummsV4tKcaGN7nHNPJafQcVAS1uefuJORQscQlGZmqizb2mg2pK3HP7QAdK5Z8XLMu16tXKQClp9QebI4we9dRXGGuYEKXk57mhDxb0Q3d9GuyEMlUmGkuI2jkjHIrFrdKbqzjxNmj1AqsAPmEvhU9b9T6JY81xL6VMbHQTntjmoHRFzc0jrSXo25rV8G4SqE4r+Js9Bn5dKpfwQ1s7pbU6YUp1abfJXscST9w+9dJ690Q1q+2szoUsM3CKnzYLqRwo4+6r5HpWaiw6isOnyWOurFFhVumgX4jeHSLay/d7Hnc2tUoJJySTypI+RqjfFm0v3exNzrc64h1I8xKUqIBPcV074eXxvVFjVa7kCidGJadbV1yk4IP0IqvvEzSqbPdFxGWdkKWC5HI6JX/En8ev50vXV+0amnsdiFpbfcabZyppXxTvlmkojzB5rLawhaFdU4q9bP4i6fulvalpltNpxyhS8EH6VTPi9oVbbq7vbmyD/ANZtI7+9VI6uQwkJStSCDyKalVWqUOOJTs9J2md12DUtvdlkoloKducIXmiSC56PNB9CjwQeK468MH37ZeYxdnoeE6KVAIXny+f4vnVgN+N0izXmRZprHmR2V4DqDyR74rM+jPqFR0IYs9mZ02C2hZUhxSioc+2aVYLbiwSo+YANwI4qkLD436flYblLcjJHKd465PXNWbp7VNtnspVFlsyN2D6FgkA96W+lZfEr1IWoTtUrzFpPPHalF7vL3JSFFPIGetM2XW1pyF9s9eKXhlWVBYI4z14P0pDIRxCBzzMtj7s5lTrjRZ8tZQpG7OaVUy0W3AopaChjcnqRimjzM1EtT0J8NhQyUEZCj3z+FSbAdMdTcny9/cITwfpmstO8jZYMsPJxg/8AzqMfAOV6MRYjrSlKUSPMT3KiM8Uq4WGxnclWfZQzSbMZEZx19CyNw5BPpNYRFe2tqSlSzydqeDmmBmC4IAP7wTgnPYisZ6JIBYjvNLUCQcdjSMiI8h0cFR9sVtbrXHjXJUlkbSrtgYxRMWkqYIQEpWe5FLr0TamvN4ww+j4HWJb6gVNhDkH7g02yQ4FKThQGK9c3K78U7mtrbfOSDgdAKZBwr5LRBHH0oHVa2K4xGKxYbpoVEoCSn8aRCgMAAgEc0r5i07klIwD7UgrlXzNCCDiHG6n2FLcZbfS461jzE5BKc9MjtmvW/uKIJ56HGaTLDOXlx2kNvPYC17RkgdMnvShWEBQ3AAcCoOWwIRIxPWw4ZSClZ2fxYpwplpyUy8SoFklSdqyOvGCB1H1ocuOorbatqJExtpOQnepQAye1V34i+Omn9MrcjRCZ0vYTsa5AOOOenetNWkZxjEU1uDOkNOuOOFRSQW8eoZ6Gpg9K5i+yd4lvav1Zd37zfWmPO2sW+3OLCVrPqUSE55wEnn5106a9RpazXUFM42o/3DNVVoa2Na960zPPKwgjtSzTf8ahx2HvS2EJ4UkE/M1C0m2JKFJrTSxFaKFVCMaON7jj3qCucdTb2McZokUnvSF0ih9kOo6jrVMMy1OJF29srKQokgdB7VMCMhbKm1JBSoYIPeo+EgoXjFTLGCkUWeIOOZx5456Af0pqdyXHyqBMcK2iB9xR52mro+zfrNy6abTZ7is+fF9DayeoqydW6btmqLG/abm0FNuDKFgeptQ6KB9xVCf7F600He2lRFfEQg6SS0nPmI7nHvjtXIak6a/1Kx7T2J1VtXU07HPuHUJdUWidpLxLNzt61fC3VZdBzwh7uD8lCjOcqHrrS7jGA3MZOcd23B0P0ryx3K26thpt0zd8YztcCFelYHY/I00uNgvVpv4n6ZYMpKuVJLqQFDulXNO5RgyjKN2PqZz7htY4ZejKd1lY5EGSUyo52nhWU+knvQJb/DvS9yva7XLjNMuTFFUZ1XAKu6PrV2eN1919/sy42zoVlMNtYcU8uSl1QV/cCfrVBvaN8ZtWx25Tdmft0RpaXG3XEiPt54UN3qOMZ4FXptGaLiwPtMq7VC2rB+UT1T4EyNLKevcm4qgwIyht2IK1Kz2AFUXei8/e5UhSXtocyFLTg7e2RX0c0hfmHdNxLRrBrzJ7bQaeeQ0XW3SBjfwMjPzAppfPCHw31awtxNviPFXVbRwofXFbDWpclTEredgDCfOht9SnULOSEnKfapqw3q4wpPnQJj8dSVcBCiMfL6V0t4g/ZbjMMPSNMvrQ7yUtOepJ+Vc66q0DrPTrizc7JLaSg/fSnck/iKpkI7jEtBllaB8c7rbbvCavyfiYhV5ZGcKz3JNdAaH8UtMarLyLVK8p1lwoLT+Ekj+Ye6TXCzxcaSA42EFI9KVjkE96d2u5TUbENvKYc2lAWhRSc+3FZ7NOrcxwOTPojZLoi4Fw7UJKFFPoXuBHaplO1QOchX8J7fjXBvh/4vXLSa40UgkofHmOuqKtyeAQr34FdXaL8U9JaneTCg3mOmQW96Q4vaPoCep+VYbNIV+PMLfiWCpKV5C2kqbP3gr/ADrYIa80PoGMnYoDp8jTG33RiUhwJfbdUnIyhQxj60/YUnyhjCenBNYTVg8iMDzEOFMtDiylLSgBz1BFSc2UplpDiCSkEZwnNNkJbWjY82lQJyKWWEhjaAEj60AWxFcBu+Qfz/5LJViCRIK5yJLV0Cz++aeTwlKeQod8+2P6VGeXcw8p1UxKQtWQgo4HsOtTE9/yWVuhC3AhJJCRk4x2Hc0xL6HW0uqBAUAQlYwRkdx2NcO3TNc5O895A5HffPnzOilgRRwJut3CAtZ5xzjpmm8hQSwVhRB2nmkps5pCcKKQnv8AKgrV3iTpzTkluLcZ6UPunCUjnjPU+wrfXp7GOO4ouAIX+c3H2krONueT1qtfFvxPtGmLUtzzUPTCfQwheFH5n2FVl4zeNjUeQuNpiYiS+WwlSk4UlskckEd658uFwlXNQcffedeP3ysk5JJ4FdfSfp/l5ltv+pMav1petTXNUmXIWUqV6BuwEJz0AqNktOTp61Q/PdaUQlsKbCVk49gTRJozw9u15Sh15CozBIIURhSvoKunR+gIVqYSPK810clxYBVXaWrH4ExNYP3MF/s9+Hl6a1Tbbu/PYtbLD7cjesFTmUqB2hIPGcYzmu9Yk+PJbC2nErB9jXN9ugCLtKfTiiq0XmdEdQ3GWtalEAJTyT+FELETiLdXs/lLvCge9KtoAG9fTsPehezXCU1GSu4ow7jPl54T/iPv8hUZqnWTEVlXmSEtjpgHlXy4pxIxmZwDnEKrhemoyyhnY46B1JwhHzJoQuPiXpu3ylRpkl6Q+nlam+Eg+wqs9Qahud0QoRyqHEPVxZwpQ+Xt+FBzvwKFlOXnT3UBwfzpDXAfGaE05PynYVakVtWU6JiahWEHadvfqK3Irzp0qSRl5YC84wadR1BKhkcVspCV9Rg0mUKbPXcn9RUlR6QD7VHXkyEtZSw1JQOqFpzTtC0rAGcKrcnIwoZoRxLPMCzf7fFWtcm3MsPYKTlBwR+ANQ0vXlthNllh8R28H93FhnJz8zR9PtMOWk+aykk98UJ3bRiFEqZbQofSmDaYo7hBN7xIjBkR2LbdJiR0D7oQk/1qRtPiHc3ikG2ttJ9vOJ/ypnP0w8wTmMQPpTEQlMK+4Rj5VTNiQKTLGt95tV0CROiNNun+Ipz/APsOaVulhQR58YFeOUqQva5+Ch1/GgWC6UKTntVhaZnJdihpSgfkaUCGMbgiMYb90ZJQ4tMxodUrBDiR8+/9fwpxMtVru8cpejtrChghQBFObs0+2fObRlSfurH3gPY+4+X5VGtS1mQhLiwxKX0dA/dO+wI/zpq5EE4MqjxD+zlpHUDq5TEdcKQf42DgZ+nSqD119nbVlhbdetCv2i0lRUkIGxwfMV3bHlpW78NKQI0gfwnlC/oaUkQ23BhxsDPv0qZU9wgzr0Z8stQ2O7wG0N3O2vsSgSFB5JAIyT0qNtcswGmmghQc3nOFcpz0/wDma+meqNB2K9sqbnW6O8D/ADIBIrn3xE+zJGdkO3DTUn4Z8kktOjcg59vahNf1GLeM8yjNJeIGoNIT/MjXAK88ZW0vK0BOMbsZ4FXzpb7RWnkvts3qBMjoS2ne8SHUJJzwMc1QetPDHV+nS67dLMt1CAA26zlxIwT2H+Yoahs3aWyhaoL6oylJakLLfCADnrjgis1lIbsTSGDcifQnTWpYGoYES8WaY1NtkgYC2QTsPsodQRRB8Sw40QhaVkDnBzXz50TqvUmjGZ8bT2q12+DJfLnwxbS6o8hOTkddpx7ZFPoHjJrLTjCUsXeQ8XtwWlzatKgo8YB9QPWsL6POdsYMj5eJ13qfXunLPKVDmXWKw6hlTy0LcwQhJwT9cnGKo3Wf2ioCJjseyw3HwnIDyzhOfcDuPyqjvESFqWFcmnNSbxLnN+eEqUCSk9yB0/Tp8qEmW3JMoMoStSlAAADJq6dBWoyYbXHOBLH1D4t62vrzrzNxMaOVYShhXl5HP6+/NAV1F0m3Qmcp+RMdPqQVFSsYyP60baV8M79dW0CRmExknKvUo/Qdvxq4NDeGFosRS+GlPySMF53k/h7VsSoJ4xEvYGGBKR0l4Z3q7yGzIiriRTypSjhXywKsiN4IQHI6EolPMuJUD5n3ifwq548KPGRkhKQB34rxVxipJQxvkL/lZQV/04q3tUCLVWJzIzTWm41mtrEJtS3EspCQpZyTUuottDsMU2Ub1J/sYbUVB/ifXk/+1P8ArWNWHzV7rnNek+7af3aPyHJ/E1lbUDxHik9mNJN2Y8/yGlKed/kaSVq/IUbaHuCoMUuvWpbclXCDt3vLz7AE7foOtRMaNGhoCIrDbCB2QkClFXi4x21sQpTjCV/fU2dqj8s9aqqx92SJbou3Ak7fLheFpJmPsWZgjjzlbniPkgc/nQbOmQW3FKiMuy3j1kyzn8kdvxJpN1pbiytalLUTklRyTSSmPlWgszRYRVkdOW/JVvecUs/PoKj1tHd0qZda46U1WySroagWXunWlZWqVpUMgg1tmtswTKyszWVJJ5is+XWvaypJNChJ7YNZ6+3P41vivMVJJ55isAFPSvfMRj1ZH1Fe545Ga8KUntVSp4pDTg5CVD86YTbJBkg7mUgnuKellBOcV6G8dFr/ADq5MQOuOlVNkrjncPao6IuVbX/UCMGrDKVf/cP4gU0m2xiWCHUpPzHFLKDORLB8GI2q5szGQlZGSOQa2kw20pOceUTuScZ8tXv9PcUza08hh3ezIdR8uDUsy24hvYtXmDGORRrnzKMhVy3PM+AuSUD+R7sn257g+9eIuky3PeQ4nz2x/Co84+Rpa8REyGvKcHlbf7JR6D+6fkf0qK24YCXFKXGHpSscrYX7H3TR7QwlBsdQmgzoNwR/u7oS53bXwR+FbvRgoYWjH60BX7yIKEK+KAkE5SRxke9O7DrdxtKWZw+IQON4+8P9aQ1npttaMCbxkSbutiizGlIdZSoEdxVEeNvgo5ctPy3dNJdROCg43HS5tbUrPJweM4J5ro2BdLZckj4eQgqP8J4V+VKSIqdqlrX6RyeKaHDDBggNWcifOO9eDGsrelciVFQFqA3obOcY/Ch21aYvaNVRXYVnclvxHQ5tWyVthaTkJORg9uD719M/2Za5KcrZafH97mlo1stsf+wgx2/8LYFCyCNW5ucicZa38NLp4l6wZ1H/ALNXS2rcZSmUFqKi4QAAE8YSAAPrzxRtozwEetoSpizNMLxguPKBUfqeTXUICR0AFeZqgoAwIJsJlT2rwoebA+ImMt/JtG6p+P4b2pCQHpMlw/IhP9BRyVVqVir2Awd5genw/wBPN8/ApdV7uqLh/WtJGkYSUbWmkoSOgSMUXqXSSzmq9FD2JBaw6Mri46ZDWS2CaH5tulM5w3xVuvtoUDkCoifCZWDkChOlTwIa6l/MqZ6O5u9YOaS8jnpRvcrYzk9KhZUeJFBcffbbQOpUrFB6JEb62RIMRVHoK3FvWeoqA1Z4saE00laX7o1IfT/02TvVn8KprWf2kbhJ3sabtiY6TwHn+T+VMFQHcA2E9S+p7cKEyp6ZIaZQkZJWoAVX918VtBW+auKq4h1SOqm07h+dcxam1fqbUbqnLvdpD4J/s92Ej8BUCG1HnBNF7R0JXuM690Z9onVGnIyY+o4sy4tN4BclNhLmP8aBg/iM/Orr0N9obw91KpEf9sNwJasfuZf7vn5KPpP51xrqO2XrS0tyPLtZjOkFIdQE7Vj5EpORQkjY06VpirSSDk7tx/LgVpdCDyI99N+J9TIV1gy2kuMPtuJUMhSVAg08CkkZCgfxr5dae11qzTMkOWG/3KElJ4aSvLf4oJKf0q1tLfas1nbdrd6t0W5oHBWj9yv9Mj9KXtEztSwneGa9zXMel/taaPmbEXaPNtqz13t70/mmrQ05406CvgT8FqKAtSv4S6Eq/I1W0xZDDxLMzWZqFiaitcpIUzLaWD0IUDT5ufHXja6k/jVYMrMeA17mm6ZDZ6LFbB1PuKrEmYrxWUnvHvXu8e9STM3zWZrTcK93VJMzfNZmtN1ebqkmZ6+0h5soUAQRjBqHk2pxiEtUT0rSc8/xD2P+tS+/501urrxjqLCsK24I7KohnqCcdyqtah10IU7DebkoO0IA9JHuKjWbbc40dqS/EeZZdOErWkgGnmsvFK8aYntw2LRHmNrCkqLwOWz26dRVP6v8UfEfUcZNqLiGIjasgsRwlSsdMnnpWS7T+o+SZtpYhOBOmbNa4P7HQmU0huQ82FIdBO5IHemmqZEOwWl66vXl9EZACUJUd28+1c0uX/xIu7TKZd4mAsseQ3sw36O+duMngcmp2NG1jeLA1YbpcVuQEEEJx6vzp5oG329xYOG9x4hto/xEuV41VHjQNiYu/DnPJH0q+UObkg/Kuf8AQ+l2bAkKjtBC+pV3NWlZr2tDYbkqBx3zV11lRhu4FrKxyo4hcV1qV/Oh6TqSCyCVyG0ge6gKgLp4k6bgJUZN4hthPXLopm2Kh6pwe9JqeSOpFUdf/tDaCtvCryl5XQBoZzVf6k+1XZo24W62SZHXClKABqYxJtJnVLkxpPVYpnIuzDYJKgAO5OK4V1D9qXWM3em3Qo0JJ6E+o1XOoPFzX17KhLv8kJV/C2rYP0qtyiWEM+g2ovEXTlnbUqdeITGOynRmqj1j9pjRlt3tw5D1wdHADKeCfrXEcufNmOFyTKeeWepWsqP61oGnVpClKyO2TVb/AKhisS+9W/ae1HP3t2S3MQkHo46d6vy6VUupde6v1G4o3S+S3Uq/6aV7U/kKgEsHcAamtP6Zut3kIbiQnVJUrG/bwKr3NGisQfwpSskkk9zTyDbJkt1KGWVEq6HFW7E8MbRAlNMzLq046AFLSeB9KnYFjiW6W6oNRBHx6dx5A+VWUxwe4xEB5lb2LQi32y8+4h0JT6gFY2H50URNO2ONHQ0+2y4vGSUcincxyPAQ4UFEeGpWVYPK6gZlylfEKMH4VLB+7lVZzaoJBmoU8cTq6/QtP3RLbl1bXJiyOQ6pIWg59iBVZ6p8L9MTJKhaPjIa1LAAxlAGOTg89aV8JJmobTYl2+7Q5cuzOLyhz73w5z6uOpTyPpVpMuQWnEvvQ0SIvCQ6DkJ+R9vrXpSosXmMYOVxnmcx6h8NJ0PchlvznG8laWzuV+VAVxs7sd0tOsOtKH8Lidprs25TYEK5/F223NpJwV7kZB+dQupXNOaiZcbnWhlSyCSdgyg/I8cUg6HPUFa28jM45egEEjFM3oi0HcnPHcVemoPDGK+hS7HMV5nJS070UPbPvVdX/Td0tKwLhDW0FDhWMg/jWW3TMnYlPQIMwb/qS0qBt17uMbHTy5Ckj8s0VWbxt8S7WpITqWQ+gdnkhf8AlQ2/H5xio6TF4JSKzFSOplenHUum1fac8QYoHnpgy0+5QUn9DRTbfta3pAAm2FCvctvf6iuYQVMq5GR3FOUJQ4nKSOe1UCTACKfE61g/a7gHHxVlmIP91QVU7C+1npRePOYnNH5tZri1Uc0mWFDtUyZRpH1O8I32n9ELQFOSZLYPdTCqeNfaY8P1/wDjAT9UEVwUJc5tryvOXs9jzTcN1WT5EH0RPoMn7SHh8rrfWR+Br0/aO8Pf/wA+x+Rr58+UMda1U2B05q8yeiJ9A3PtI+Hqf/HWj9Emo+b9pjQIQQm7Ff0bNcEFBFeYNTdjxK9ITrvVHjxoK4vl1ZkPK+TRocc8cNGtE+Va5S8f3K5nwa2ClJ6Gp6n4hCsToh77Qtqa/wCF0+sntuIFMn/tI3UZEKyR2/YqXVBHJOe9Zg1fqtK9JfqXHcvtEa5eyGDEjj+6nNDdx8ZfEKZkKvzrQPZsbaANpzWyEpz6yR9KEux8wvTH1Jq4ay1TPJ+Lv9wdz1BeI/pTVUxaoTapE11x3eVJwsqUAe3NMmYzkh0NsNqWenFKzbfJhAeekJJPAzmgJ/MvbNFTHdgQgqwM8qOSab43EqUST71sEE0q00pRCQnJJ4q8Swsb7M16GjUl8A6gFTuEAe5pa3We5XErMCFIkJR95TaCQn6ntUAzCCCRSW/lU5ZrBcbm2kxIji0Z5Xj0/nVj+F3hY3eEOzLs4pvyCCWTwD9atWyIs9ot67K3ECGAskcdPxppq2jLyyDnaBK10F4dxIZVOvzLcr0jYjfgJPzqxbe3a7fEeejxFlP8GPSlKqh9d3iBDCREQoNNjOE85NCsvVM262bygFojoVlKGx6lVGsG32jg/XcctGeTF9VTnW3nLnPitOtngJT2oJuE2+XpsmKhzyEH0hPH61M6iWwNM5dkFKlf9NR5odd1S6i1iFA2sBCeT0JpdeovevCrjnHP1NDrWh5M8F1aetsiDeittbafTjuaHX7rBCgI8VQQBjlXU0xmTXH1lTmSsnkk5zTJfKiQMUC1rXnb5mOy5mnWN7/7zL+h/wA6NPDb/upM/wAB/wA6ysr03idFpMRP+Tp+v+VB7f8AzRz6H+lZWUxfMlf/ACikD7zP/mGoXxN/5K5/5p/pWVlDb0ZG+QnPN0/tl/U1FufdrKyuE3czWdyNm9a0idPxrKykn5TJ/wA5If8ATFee1ZWUUaZvO6p+lNDWVlV4gzK1rKyqgzQ1qaysqGVPDWprKyhMkw9K97VlZVST0Vr3rKyrkklp/wDt3P8ADWt//wCaOfQf0rKygHykEbp+7+FPbR/xKayso26hRzfOqa6B+zt/9OZ/1VWVlM0/cVZ8IS6b/wCGm0OX7+1c/wAJrKym6n5ma1+RgbM/4F6ttPf8uH+FVZWVl/Tv91pqt+AgPq3qv60Iy/visrK1WdTJZ3GbvWtKysrM3cznuf/Z'),
(2, '/9j/4AAQSkZJRgABAgAAAQABAAD/2wBDAAUDBAQEAwUEBAQFBQUGBwwIBwcHBw8KCwkMEQ8SEhEPERATFhwXExQaFRARGCEYGhwdHx8fExciJCIeJBweHx7/2wBDAQUFBQcGBw4ICA4eFBEUHh4eHh4eHh4eHh4eHh4eHh4eHh4eHh4eHh4eHh4eHh4eHh4eHh4eHh4eHh4eHh4eHh7/wAARCADhASwDASIAAhEBAxEB/8QAHQAAAQQDAQEAAAAAAAAAAAAABgMEBQcAAggBCf/EAEYQAAEDAwMCBAMFBQUFBwUAAAECAwQABREGEiExQQcTIlEUYXEIMoGRoRUjQlKxM2JywdEWJDQ1Qxc2RXOCkvA3U1Wi8f/EABoBAAIDAQEAAAAAAAAAAAAAAAIDAAEEBQb/xAAvEQACAgEEAQQBAgUFAQAAAAABAgADEQQSITFBEyIyUWEFcRSBocHwIzNCsdGR/9oADAMBAAIRAxEAPwDplF12gZrf9qpVxmoJ/wBDpQQSc+1Jubs8ZFPDGL2iFceWhXU0+beaIzkUCokuoOMninsea6U9TRcGDtxDRD6OxrYOpNBn7XLSsLXipW33RK07lKA9qEgS+ZJTC3uG4fTNRtwdaQ2VKKU+1R1+vTCG1J80eZ2SDzQdeLtIeWhJUvb9am9QMZh1puPMOIspKz6TmnLiyU9aHNPuLU2lR4FEB+5moDmC6gGeDrxTuK5g4NMW3Buxml0HkYq8wcSXa55pcJyKaRSraKcpdQg+sgVREsTVKi28Aehp6XEhvJNRGoLnGiQVvKcQMDKeetV5P8RmATGbebDp6Aq5q1qLfiaaqLLfiIdXe6sMuEFwcfOoVzWDUdW0HNVRdNSvPyFOLeVyemahZV/UFE7zXQr/AE/7nUq/TCR7pdsjWTjjRKCECoeXqlvaVOyE57kmqSuWsJCEFCVj86Fpt/lvrP75WCexrWuiVe5qT9KA7l53bV8by1hLm755qr9RahL0pSwTgdOaHWZspSQFKOKZTlrUrnOacqVrNlWmrrks7qiW2x5KVfLPcUxt2pJrUsDzD5ZV6gT2qIcbUo5zTWQ0tKvQaB0RvEllKHoS+7HLiS7UDkJWRncDRNp3U4ZZLTqN6E8BROM1zvp27TIyktreUlGcYovnaoZh23cp3cpCeAO9YLNPzxOTbpOZ05p+dEmw0uh9Ct4yNp6VOQrg0wCHlYQehrjrR+tbs27+5mqQ0pe4oHtntXTlivNsmaVbkfEtuJW16iVcg96y2oobbnMwanStSc9iOdY3uBOaMNh1KykEkiqO1hDLVwCU87+RUnan5TlxlPNO7o/mKAWrncAeMUzlyDPvjcclJ2nvVekGXKwFRkfiQiITrQDnII7UupK3Wgk89+lWpD0miXCSSgE7aYy9JfCpICOBWQnEv1ATK5ZYUfStR+WaSUh6NJBbcIGaJrlayyskJINQkhpXmc0stGDEfw5z2AVnOKk/2kHWik4BxQ9hbaMniknHFbcjNTfB25jm6OOukhLmR7ZofeZf8w8Gni5a0HnkUiuejdzSzgxgyJ0I9++e81DZKP5qRnbUt+j1Gn9iHnJQlSsHHIqXdtbHk8JrokicrnxAYP5OCg9cUot5bTSlIHSn90YZZdSMYGeMU6jxm3WDlI5oRC3GVbqW9yGZbYQhSgVc8UW2qZ8Ra0qAUF7elK3zTrD7oUEdDTuBARGjhIHQVRTmPa0FQMcwWtVimv3lyQt1ZCj909KLE6bWSlZGflTiC6iO9kpFEEWc0vGCKXVQlWceYlmLHMbWuwKQhODtHtU3+zPRt608hOIW0CCM0upaUjKlACrLEHEIKCIKzLctklQHFMviEsEb1Dj5038XNas6XsyZLTbMhxa9uxboRx3Pzqrf+0KFPYTIkPtwkun0Fbgwr6GjR6y21zgzXRobbRuA4lvr1FDYQUlxINDt71KtZIaJSn3oAn3i2GO9vuLLjzYC9nmBJPtz7VVS7lrOXfXXmrk18O4ClLBJUlA7c96F9bVUxAGZ0Kf05QecywbxriNOmT4keWVLhj984pWEoz86511c1qWNqBV1gS3JbbjmULbWSASeBViNab0vdbLMTd7wqM/vUt4skoC8dz8qC1S4NpuYhQJLTcZpeWUl7ehe3uc9DXOssawhz5m0KEyg4hzo+63CYti23aOpMs4ClA8D60jqrUPwzEldqaRLRGd8lwJ9Sir5VV8vWKoerkThKeaSpRLqm17go46Us1ftS3Vo3KwW5puOJIQlLacqdcPfHc0/+L1RrALcRp1ag7VMOojE+9xRKZhuNDGVhY27fzpJENbDoDoGM4BByDQpqC764a0/LjTo7zTrQBUQMApPXp356VDaUn6q06WZ0uFJciPj0l9BUlOe/wAq30/q9gUCwZ/7lnVjdt/rLhY8ryQNvNR10bKAV5ArSw3kzoaHZ646EJJ3OJJPH07U11PfrCYCXYxkp8xwttubSUEijr/WUZ9rLiM8ZByIwXKPak/iR3ppbW3pjy20HbsSVrUegApg87IJKm2HlDOMhBPNbjqB9yi5xJaTL2oyOoqEulwkvNlHmEppyiPcZLClJhSVJAySGzwOlJizXZYOLbLI/wDJV/pSP4gvM9jiMLTd5kJeEqNE9q1de5D6YcZ15CFnC0pUQDTay6OvMp3cq2ykp+bSv9KM7FpWRbnw4qBICk858o/6U2vSq53GLUK3mXX4VW74uxModOCG8uZHOaibpoi6sak+JiTA4y56k7+FZz04qNtGr5VljhtMWQ2Ujp5ROf0pxY/EO4u3MOS4anQV5G4bdo9qv+HZW9vU59mmtDlklt6CnSmwmJcGlNqSMJKu9F9xhsvslQxnFVvN1BHlQ0rirIeWoKBxjbRVp+TdZcYJKkOKHfpmsd9B+WJz3RhywxBvU8NLZVhIqu7yQ05nHFWfrRDsNIMtKUhfQg8ZqtruyH93lncK5zKynqNTrMgZdzTtCOM04jusOxcqUNxFNHrUtSjlFJotspHCchNQnI6l9RtMUlKlAGol50+YcCp82tz+IUkq1pzzQCuGHnStviPsughog/SiNDLi2gFcU82p/lFe1qazMwKmJCyLE0+5uWM4pZFpbQnAqUrKHeYWwSBuFqQWioHBoXedDLimVnkGjq5OISyc+1Vpfn0JnLKTzmtFSNZ1ItRdsCPDsVyTS0OQ00v1EVApeeUMpzinkeKp0blKOa1rpcfKa10oHyMnP20ttzYwr9afrurQjJVLkIbCuBuVjmhRWyK4SSMdyTVP/aiuTi9LQ1QpCkuNSN2UqwNuMGg1IWiveBNFekVzgdTz7TtqVqW6sKhOPrLLCsDftbJ7ZPSqnvGjrjB0VHt8y4wVTWxlKnJG0NhR4SKiXNQzNRafahXe9SmYsN4Be1X7x0bc4Hv0xUNrW4sXV2JOsqZTm5oBW9e5SXEdM474GcV552eywk8czqD060G3njEeuWebGbkS9S3BppJQI7flkqCfY8fnTfS2om1Sm7ZLnSHoyF4xygHH3Tntmndjj3p6e2bosOtrbClvrdQEpynhJCuMj9KcIToi0tqSvbKdZcHxSyoeonkbU59SaA46b+kMZ4ZDj942aN8vrM2DYoYjLSlWULUQlbRV1Cj1qGTo2SlD7sqVlaRt2MpKlE/L5dqP/h139v4KM9PhO3FCRGUWsB1GRykcYTjntxQ+5anY896FaL09KiJeDa22fWrGPWd3bn86JXPXUCypScnn9pX+oNMXa3FLb62FqyPQhWVgHuRVu6K0vBtjtktcCRIk3pp34p9TJJQzkDAOOp6cVGIsBRMjwXLY7IudyJZakuEkIbwStwjkBXHGPanE+bLsM19i1yDa7fEKPOlPIKXpJTgkjGck4Pyx1omsLHaIqqhaz6hhLqW4Q7C7PhXVLarkwz5zga6knJVyrPI44qtNRazauj6ViROQgNbVBATg9eopPUHiFJnvXHMZstyFfu0pHCRzyfcnih1i0yY+J8lSorxKXI0ZTWVOj72SOyaFaQDkxlmrYjakltAvSVahEW0uSJMd1SPOacTkJG7kn5YqyPEDzbleFM2mH8JaIwUl5xllSykhIJHIxkmg7TmvU253Mq0OIXLdKlOhOCQtISFHKeU55HNEFzvaLlaTEbv6oiIylEsFvDYUjkqVtJyDuxRWkjxK04Vh8o0k6iRbrHHjokblzG1Jy21gEZABPuqpaxSpBksnzT5TASD6jgnjOQR6lc846UK2S5XZTuF25tMtp9LiJamB5aGjnKgP4jnHT3qeVPgrgOzIj37NlB1bcwltRdWVgHLecAAnsKU3RJmhLCSAOhB/W92v1n1JNU7e2ZKV/eaQraUjqBj5bq658IPEzw8vmkrK3PdEaeqOhp5ciPsQp1KfUAroemfxFcZNJnW3UMZV1iRpSUFa9m0OrBAOwuAd+lG951FejZIirbFhCM20kNklIU4pQ5cwr3X0H6VopsNYyOczDqKhecPkATvpi1WgMh9tpgtEbgsY24980jZRpy9xTKtrkWU0FqQpSMHCkkgg+3INcPeG3ivf7Npi5Wy8yZymn2Fxw1ITuQUkkFKM8JJJPP8ApQH4YeLF/wDD7W67nZpLrcN58fFQlklp1GeUkHOCOcHrWpdQzGc2zRhBwf2n0me09anOTEaP/pFNV6WtBOfg2f8A2ihTw/8AGfQ2tJSIlsuiW33AstJf/d+ZtVj0578g464NH0ObEmbzElMSAhW1flOBe0+xx0py2k9GZHrdOxiRC9L2wjAjNj/009t9vTBGGQMe1SBPNYTRmxiMEwCxPmDGr9ODUDaW31lCEHICT3oWT4dqj58uQsjsFc1ZxxXhFX6hxgyxYwGAZUc3RU9skoCVj6VDzNPXFgHMVRA9uavFSQe1IOMNL+8gH8KAqpleo057mR3mshxlaPqmot1B3muiJlogvghbKDn5VBSNG2l10rLCRn5VXpfRhC/HYlh1qtxCBlSgKgL1qCPFQvC+QOgoBvGsH5BW2wsgA4zmqFf3IMnqWPc9Q26Ck73kkjtmhW5a8UTthtFYJxn2oTjW5ycpLspxa1K5605kCHDQW3UpSce/StddVY75jUVfPMJotykzW9zz+M/wiojUMNDeXxg/50KOanSyvyInmvOA4CEJ3E0S222agvsVIeZ+EbPQq5V+Va0wnPQj1xWeeJAyb+ww3tB5Fe26+XGcfLgQn3vmlPH50cWPw2tUUhyWDJX1y5yPyoiuqLZp3T8y4FlttqKwpw4AHAGaqzW1LwozCbVL0gzOcvGi4agtNuZe+IDZz+/YRydp7k1Q1/uV1vzLanXUBttXloQt3G7v0qdvOt5WqrndpEkqcG1zyGwohO09qB7JaWbtcoqbSy58U0+l11LqipKEg85+Vec1NhstLsJ1hYBUBmMVR1sPoXtCQlX3eSBjuadpejJhrQWysA+YlCD6QsdVHvmugbnoiyXKDOgw43wkuY0FFSk4T5mP4R2FUpP0HqK33Bi2uwVpcdeLaF7cBXzz7VnW+t854xEDIxt5kHdJMufZ3cxghZISFlW3gglXU/MflUpbI1kZ0iL3EYaE1vY2oylb8rTgq7YGee3TvWa00bfdMx23bindGeOEqBzz1wRUC7BmotTUWS0+3FfPmtDbtznqfnwKM7XXCnuElhVtzCLL1Nqq439V9aYlvJUQwoNhQT5Z48sHtwe3vRwzrjTdvYDMaE7FTtK1JUgJyNvyGTkjGflmgDV1znS4bcNtrCWinK0NYWSEhOAR2wBx8qV1np2M3d4jEOW+lhSfW06rzHW0JVhWBjrjJ2n86uysWYDcQq7nq3MvPX+CWZbr7dZOk27jEmNxo9w3o3JZBTGaAxnccHOU4HuSqqQuEt98pS7IecQ2CG0uLJwMn/WiW+aveZtDMGJ8Y0xDHwqUFG1KBtwc443Hk/rTW66RWxo5F9fu8ZUl1KHRCQf3iW1AEE7sHoewNNRAsRdcz8DmQkNmQGkupgrksqV5adyTtUTwE7vejVtTVtsf7Yv+mQpbawlpl1xWEgAbDjJIByeT1wK9m3yfYLbYbZaYjMKK8y3I3Px0lwvfdUtSiNw5HTPA+VNbzdHL9qWZN2zJ9tcKkLabJyTt/HOOD2/ClsWznxDrCgYzziZZNRTn2Jt4uciNOjJUlYgrJKdxPAKRgAAJPH0qQ1Ndbaxp6O4zZUl6YwS66Iym0nceTu3ccdse1YUWXS1oVKt8EpfeZKliUFbSpChjKFDrlWBj3PtQ3DduGp3nJl2ubbMAvIQ6FLKCsZHpQAMZwOPpSwdxJ8RxJRQp5bH7yRU9G041Et9ymuTI7rO6S0k7UoUT91Khkkp6nHfNWBYk6fuluaWzJkfCSFHyGELO/aghBdWevI524P3c+9CjEK2wpRS5pCRNjrXtcUVreUySlKgkjjASFDPzPXtU/pC2W+dAbbZt1wS3H8yKgL3NttBWd52lWeQrGeTz8qp2TGCIVS2Z4I/vH96a07YbhJMq5NrSyG2/3bQBdzhSSVp6ggHgn8RUHPa0zbksXN1SFJYG5pLDqFeWVkkEIVwoJOPuk4zQh4ix2EGPNgJS3He3M7E55W2raVc9Qeo9unahJwPLbCVqJITjBNWtAYZBxBs1RRtpXJlx3bUcINx59rbXMcLZcRullO0BOMls8HkHjuaGZ+r7ZPeSlFngNrUpTjrvw6E5KvkeSQT7847UKaZuSYuoG5eUx0JaWnIRuxlJHTOO4NKz2npjnnPnzXFLKi4EgE5OTk9+tF6QBxB/iS43CFrce3QI8R2BckSLguQnzS2vyWmQeU4SrG7Hck8dMUX6C8Xrn4WXppm3zI92glQVPZbR5aXSSeN2TkgE4UPYDpxVUzUF2GUtOBKtwSkngL/HsM1BIKn0LT5idwBUrcepFMVTndmJstAXZjgz6q6D1VadZ6Whahsslt+NKbCiEKyW149SD8weKns18xPB7xS1V4dXUyLDcP8AdnSPPhPepp0Z54PQ/MYNfSnTt0avVgt93YBS1NjNyEA9QFpCgP1rcjbpxratnI6kjmvCa8zWUcTMNJqrc1qasSoiukSOacKpFQ5oxBgbqWyidZZLsaQUyNhKTu43DtVPafuC4UiQi6rSl5KzuCjUu7rWYiSqHCDkp1448pA3ZPyqZ0z4U3G/S/2lqFRjNOHd8Og+o/U1LMgZE6aotIIsMjrLqWVPnmNbY7j5HXYM0XRNFXa+SQ/dF/DMnny0HJP1NWHpzStmsMZLECG00AOoHJ/GpnaAMAYoVtK9TO1vPtGIOae0fZrOgeRFb391EZJ/GiJtLbYASkDFeGtFKoGYt2YnPmKlVBfjY03K8Lr+w44pAXDWAR1zjiixTmO9QetLcL7pm4Wkq2/EsqbB9iRQNwpxDrIDgmfOxlA/ajUGO4iEyg+pS+dx71e3h1oW0RX4GpkTG5E59Accba4SSOxFV9q/wuutjuMtTxQ4uO0XFhbmM+20d6JfAN6fbrLK1DM82SwglpLJ9OwJHX5+1c+8+3OcTrgbuBHdz1Vrmb4lyoqLcXYypAEc+XhKAO+6rQtBkuSfOuUFTk1BykbcpGO4NPrOI1yionx0pSCdwSQPTml0ou5vSXYslkQ0ghbZRkqP17VxGDWOG3Y/vNDEAbQJDartkC/xzHnW8paXypLqMjjuPaqpvyIl0lTIggMsWu2jykkggpIIAIPsRnFdEutplwVtuN4Uedw6/SoWHaI70Z5hTLO4p2qRjkj3NZhvR9uc55z+YddigZI6nKo8Pl3G9Pw7XdmVrYIUtDmUFBIyBnoTj2qM1Xpy4WGU1HuSEec4rDSxhe0HhRz37da6gteloemlzZrwQ/8AEErW4WxkJ5PP0H9KG2H9Pa5hOQVw2HWCpSQVpO9sg4yQOUk9jmuhXrbVYb+ZRRSDsHEoi+6isUizOWtFvZUHljDi07EjgArWRklXGeMfPPSnI0mu93xM+6TVSo8eQkK8rDTCQPUsFfXaMpA4z9AODLXHgu9aENXHS4lTkBRLralJJbxzntnv+lVdcZdwbuTZfbcbQhl0hLqdigvGfUOecj610AQwyhxBWxW+Yz+0JNXDTK1QpL6m5KlhbW91e9DRGMnbxnPPqJznmhjT10iy7zCt1uhR4jindrrjA8tJT1UrrknA6Ekcmomco3G2ErCm1EEhKiCdw/H61DwbWtMUSm5hRMIK2UpWEpAHuTiiroCjBMl2qLsCqj+8uSPpvTCoMmXNYQ4XUl0qU+FBKN+3A9RIUSO350NWlRD0yLpJ9DDct5LLMeWydzJPDhbIyAehPfGahPKvxjiBd3WBNuJajJ/3hBUhCScFYQSeuBkjIweOc0tpyGzYtTPvzrm+i3sMDdIitrKVLUACjcUgBQBPPyqbNnRhmwWEe3B+/qSkaK1tes86/THJmfMfYjqBT5hIJAT1IAyTjqfpU8rVFhi25+zEyFyypLLjbyg2rPTcVggDrk9+3YUPWS+6bm6qluu/7ky80opeSwCv5AYHzPPGcCou9jRKoDybWXBIU2pZkSStS1KGcA84B78ZoODjdmO3FclSD/P6kJqwpW4y2wUNssJ2JYPVGOp+eSSc1BKc8zcSk7R3zW9ulCRcGzJJcCTuKTlRcOR6ffmtXo0hKgXW3WkknCVDB68jmtirt4nIss9U7hN7W42mYQsApHcJ6GpOc7Lbdad+6FkbgVcZHTio+IzskqQgBfZOR0460urc7JHmrPljhsrOQOB+nzqmHOYSMQuIsqSJT7Da0qQ0ePScnk9aX1G9ZTMdRFhPR3mUBAAc9KyB1Ixx9M1avhX4cB9f7avTMGTbQMtbJHmblcZwlJPQnFVlruPaFa1uDEJ/ZCRMUlCiDn+8CMZ4Of8A+UC2BjgS3yO+450Doa76nU+/DZyhtvegrIShZzgjJ6HrXZ3gRri3aVgW/wAOdSLmxbglYahSJKy63J3D7qT/AAAHgJPyqpvBrUOlG7Qm2sSo9rW04htvzcFb6Tjk5GMkqIxk4ov0o/qr/tstbkjT6JMBTxajylNJKmUhOFryDxkZwPnWGvV2jVAE4B4xH2aas0EEdczqEKrbNNUqIpVK69BiedzFK8NYFZrDUlzRVJEc0soUmRzRCDIbRHh/ZNMsJLLAdkket9wZUo/Wi7hIwkAVhNaE0kkscmPJycmek1qpVeFVJrVVgQZ6pVIOLrHF00fcwOtQnEk2ddxTN2RzwaQlSMZ5pC2yEG4tlw+kc/Ws9lwHEatZIzI3XekYFzYTcn47TskIwjzBxzQbDssO3RVW5qO002rOQkcVZ99mtS4Sm1lTSkq4xQbdIjDiydxS72Oa8/rdWrttqIJ+szq6atgvvkTYogt5ciNt7Wk8hX82alSEoSSE4J5471vIS3FaaUHCvcAnOO9JOrAQVpGVAe/WllgODDOW5iydyY6EDdlRySOwrRuJGf5U4UvIJwoHBxS8Ve5ltW4LCk5yO3ypFktKfLC0pUFjAPSluisORmUGIiT7PnNlK1Jej4KFg85HzoFm2KAu/u22JHctxU2FoWwNm8juO2R8/ej6O2zGWpoFO1Q9QFKKQy2pKF7d3RPOaoIXUboxbfTJxINm3S0x07ZqlII2qStI69PxFc3+KXhNfLZFe1F+6cdU7ufaiZKSkqPbHTGK6pU2h9s4UQUqGFUgGJKXSlQQpgglRxyfYUdLHTnC5/7lb88mcHzmhb3kplIUwlSvMaUScbckA8fjTdxLSeAylSEnCVqAwodiOea6X8avD9jUzsSQ1FUhUUKzhvhaD1Hp5yOcVQeorcldiQWUbkW98xnkqbwgbsqQeQD/ADDoO3vXV0+qW395TIQMxpAvMq2MLVDU0hZdSvhCRnAPBPU9T3qTYXbptukqvKDOcbQsqUqUpIW6o7gAngBI9WR1zjGRQS+3cWWEvt+S82VFK2xwRjHPJ5qUtYcnNApQVttpAKc87ie+OeMVpZVUZkS5ydpmniBJYevKEw2mGozTKUthlJCQAORzz1zQ48/8Q8UbEggcjGMVMXhLi5JjFpeWgoEK4ABOeDUK5GIWpZypShj0/wCdGgAERazMciSumZbFqkqmMpQiQ20vYvZvIUfulPsR715dbpcLwlpc6Q666lRCSrnAPJz+NN7dAmT1fDxIzjpCd21Azx71aPh/4M3i5THV3Rp2CwB5iAsjc6e4AB4HzqmZEOSeZAzFNoGBK8sSIb86PFkPKYQ6va45tyQCQOPbqfyqwWPCicrVDFtUhbsN5aUplbeMDJUByBnAP5D3o9sP2e4z16S7JnOfs/OfKSR5gPHGTkYq/omnYrUdtsspy0khB7gYx/SsGp1pUj042qtAMPOer1qODZdNMMWKzyIltgvrS86HQhSiElGSkclRUc+odqozT1tVc73mS9uS8srQ/IUE5BUfWrn8+a7Qa8NbMxZbha2W1Bqepa3STk5V7ZoWtngVbIUppMySZkZB3KZ8oJSo8HA546DrnNZ9NrQiMX4/MdbWjMNsFNA6GizxcHV29tp5hKDBeS0UA7OQ4D3Gf096tD7Ojd4bulwnTXlNNy1BLhWN25aSrlOfup5AIHcVYtvs8SNFaaajhsNoCUpI+6MdKXDCGFIQlle1agn92OnPU/KsytYLVsJ6MOy5HrasDuG3l1myl2UgMoAzjaOvWvSmvYBp5ciN8Yr3NKlNbfDrKcjHNXmVgxWMW1NhOBnuDXi4iFKyCR8qbKSpB5yCK3EpwDBwfrQ7T2IW4dGOCa1JrxRpNSqqFPVKpJa68WqkXF1ckx1fFR8pzrSzrlNnQVUixoaiR8jconFeQ2AuSgKOOc0u6AmgvxB1rH0cIcl8kocdCVYGSB71zrO8mbalLe0QwkvokhwhlxraopIWOuO9QsyOl1pToGSgjnNSse6Q7rZG5zK9yXUhaSO4NRMhYShRT909RXlgA2ofOP8AOp1VyqDHERX5LoLbmMAZH+taR0GQlbWcYBwRSU/cmIHgj93jCljtWtpU6pp1O4bk/dI71v3AttIicYXIMWtyVsxvh924BZO7uK0bjSFyFLTIQoDqjb1pV1MphAdeQEZHTPWkYZAmOJLwTu4UDxiqCDCr9fylZPJnqHWHFJbVuDpBSCeMGlXWCp5C0KABGFAn+lezoin0pU2dqmyFA+9boSgI3oGT1HPAqlViSrj65kJGMrFY7aVFS0LASnr2FIvPIdKmwlYWhJJTn7w+VLFKVNFGdu7qcd68AIQhxSEuLSCd6eM/hTiGyBABHcDri86tZYioXLW2UrSg+hSAo4yd2M4GTiq9mptN3tly03JcL8pSyt/e2GnVLSvAV8gcYBNXTPZY8xh5SCFk8KA4+hoDuWn29M3C+amjq+IYkMKcMZxHKFjrtV7H2OcdqWitk7TjE0q6kYInM07R2oba4/8AGWx0MtE/vUDc3g9wf0zRnpLwluV8t70hc/4B4NhTIOfUDnGRxgA496k27TrLUdzmIDTkOEwpp1QLh9W/nIHUge2KvCFaFM2zyHXXXUJKdiknnjtz2P8AnW1tZYV9wkasJ0eZxvrvQV/0vOQi6RnTvWCl9rKkKz1Gfnx1oq8PtI3CLPhx7hpZct+S0uR5hVkpb4SMjGOpHHzrpW8aQful1ZlPqRMtYSkPRnj6mnEnIWk45HuPpRg7bIyIgEZlKVBO1JxyPlSLdbY6lSMY/rKrFaEHsmct+GlnkaejXfVGoLXAt8FsrYbQpvKwoZzt6/TFXx4cqi6i05bdRtwfIU60pLXmD1BBVg9OmdoNTarKw/b/AIeXEYkNglakuoGFH3xipm2R2mYaGGWER22wEobQAEpHsAKzev6hxjkwrCMcTWJEYaUQ0gJHcAdM04dKW2VLO0H88mlI7PloUtSgoknH0pIoCBtWNwHI+VCzNs6wYkAFu5qhGEBaykqGecY4pxGSlazuSM9Bg5xSRIVkZHI/OtmlJQkADB7VFwCPqQ5Ij15WdmANoPGDWrYyskc5pmt4rk+SG/Sgfez3p02vGAOe1EuoWxiR4P8AWCayohfDz8I1k5O0UpSNvQUQmgTklOfpSpNeyrOVE4TdmeGt23Sng8itCa1NHjMHOItIW2tvj73amhBzW5rU0SjEFjmLKNJLVW6jSLhoYcTcVgUzfeCe9KvqwKjZBW6opQCcdapupaxjqG+w7LCE2aspZ3hBIHTJxUk0+29HS60oKQsZSR3oa1ZCau+nJ1ucH3myAfY1UnhF4kvWy4/7JX5wqbSstxn1HkYOAk1htuCMA3ma66S6Er4lmN6mW3q6XYLgEtuEByKrstPf8QaEfG+1uT7M3cGGvOXEXuW3/MjuKf8Ai9anJDMLUUIqS/AdC1LR1Lff9KMIUNu66UdlISJO9gnb/NxWRq2dyk0I4rAcRvaJdqd0bb3bYnygllIU13HFMFyt7S9pAIFVtpK/vsLct60qSppR8tJ7pzyPqKJJ90hxmUvqkoSlY6FWOa4HoubW45nSyFUcwit17bXZ3oDyC4FK/I1q2pTSstJ9OORQ3b5cV0pkNKSST1B61LSJaUAbD1/SnJvAG/scRTbc+3zJX4xbjHqG9BOM90kV5HS0qQpbjYccChk00huqcaW0gZ9OU4HepCCltSSlYwvb1pu3JBMWTgR604d6kZGQcEiscQpCyloDHUjHakUhJX6jjPXA70s04B6R/wDBRHnuB1NkI5znbgYP0pbClD7u1PUcUm0cpyFcDtil+MJBWQnsD3olxBMbyGkSopYBWjPAUnGR8xTWbFMmK8yFlLmzG8pyDkdfbNSTSSAThe1Pb3pHymHiHY7qspyCkfw59waAkZ/JhqcQN07pluNdk3NbxE5zaJZQFbXSkYBweBxRmlloPD1etP8AaYHBFbeUW0ZSEqVjCuMZpuhp5l4yAsrQR6kK9qA/6Y6/eMLGw5zFVzosZ8ZbUWyOShJOPrUitCSlKwo7Fc5A6iknmGZdvXngrHTGCK1jOhplDGT6RjChyaz77EsKuRtIyD/aTClQVHI7nq0JV6SAQe3yryHKiqfXEDrZfQMqRkbgO2R7Vq44hBUsj1Ac4GSKjrVpy2268TLyy2tU+Zw684sqO3jCRnokY6Crrcg5H+CEVBXBkm4Ch30ggdce9JFzLhQEqxzzjilX1qAVkZA6ECkwoupyOBjiqPywDIOsmMnrpbWruzazIb+OW0XUtH72wcE/SnQdKX0t7Dtxnd2pk3AjonqubrbSpZb8sO7BuCc52564zW5dXtC8FRHYCqLnGev/ACHtHXckGwlLvoHXmlY60Ll7dxO3rx1ptb/USpZwepHtThjZ529AAyTmqww2soGMwDjkGFNl3/DkqdUodAD2p8aY2ZWYxGMYPX3p4a9pp+alnBt+ZmGtSawmtCafFGek1qTWZrw0QgxVdIO05UKQcFCIcYSvummsV4tKcaGN7nHNPJafQcVAS1uefuJORQscQlGZmqizb2mg2pK3HP7QAdK5Z8XLMu16tXKQClp9QebI4we9dRXGGuYEKXk57mhDxb0Q3d9GuyEMlUmGkuI2jkjHIrFrdKbqzjxNmj1AqsAPmEvhU9b9T6JY81xL6VMbHQTntjmoHRFzc0jrSXo25rV8G4SqE4r+Js9Bn5dKpfwQ1s7pbU6YUp1abfJXscST9w+9dJ690Q1q+2szoUsM3CKnzYLqRwo4+6r5HpWaiw6isOnyWOurFFhVumgX4jeHSLay/d7Hnc2tUoJJySTypI+RqjfFm0v3exNzrc64h1I8xKUqIBPcV074eXxvVFjVa7kCidGJadbV1yk4IP0IqvvEzSqbPdFxGWdkKWC5HI6JX/En8ev50vXV+0amnsdiFpbfcabZyppXxTvlmkojzB5rLawhaFdU4q9bP4i6fulvalpltNpxyhS8EH6VTPi9oVbbq7vbmyD/ANZtI7+9VI6uQwkJStSCDyKalVWqUOOJTs9J2md12DUtvdlkoloKducIXmiSC56PNB9CjwQeK468MH37ZeYxdnoeE6KVAIXny+f4vnVgN+N0izXmRZprHmR2V4DqDyR74rM+jPqFR0IYs9mZ02C2hZUhxSioc+2aVYLbiwSo+YANwI4qkLD436flYblLcjJHKd465PXNWbp7VNtnspVFlsyN2D6FgkA96W+lZfEr1IWoTtUrzFpPPHalF7vL3JSFFPIGetM2XW1pyF9s9eKXhlWVBYI4z14P0pDIRxCBzzMtj7s5lTrjRZ8tZQpG7OaVUy0W3AopaChjcnqRimjzM1EtT0J8NhQyUEZCj3z+FSbAdMdTcny9/cITwfpmstO8jZYMsPJxg/8AzqMfAOV6MRYjrSlKUSPMT3KiM8Uq4WGxnclWfZQzSbMZEZx19CyNw5BPpNYRFe2tqSlSzydqeDmmBmC4IAP7wTgnPYisZ6JIBYjvNLUCQcdjSMiI8h0cFR9sVtbrXHjXJUlkbSrtgYxRMWkqYIQEpWe5FLr0TamvN4ww+j4HWJb6gVNhDkH7g02yQ4FKThQGK9c3K78U7mtrbfOSDgdAKZBwr5LRBHH0oHVa2K4xGKxYbpoVEoCSn8aRCgMAAgEc0r5i07klIwD7UgrlXzNCCDiHG6n2FLcZbfS461jzE5BKc9MjtmvW/uKIJ56HGaTLDOXlx2kNvPYC17RkgdMnvShWEBQ3AAcCoOWwIRIxPWw4ZSClZ2fxYpwplpyUy8SoFklSdqyOvGCB1H1ocuOorbatqJExtpOQnepQAye1V34i+Omn9MrcjRCZ0vYTsa5AOOOenetNWkZxjEU1uDOkNOuOOFRSQW8eoZ6Gpg9K5i+yd4lvav1Zd37zfWmPO2sW+3OLCVrPqUSE55wEnn5106a9RpazXUFM42o/3DNVVoa2Na960zPPKwgjtSzTf8ahx2HvS2EJ4UkE/M1C0m2JKFJrTSxFaKFVCMaON7jj3qCucdTb2McZokUnvSF0ih9kOo6jrVMMy1OJF29srKQokgdB7VMCMhbKm1JBSoYIPeo+EgoXjFTLGCkUWeIOOZx5456Af0pqdyXHyqBMcK2iB9xR52mro+zfrNy6abTZ7is+fF9DayeoqydW6btmqLG/abm0FNuDKFgeptQ6KB9xVCf7F600He2lRFfEQg6SS0nPmI7nHvjtXIak6a/1Kx7T2J1VtXU07HPuHUJdUWidpLxLNzt61fC3VZdBzwh7uD8lCjOcqHrrS7jGA3MZOcd23B0P0ryx3K26thpt0zd8YztcCFelYHY/I00uNgvVpv4n6ZYMpKuVJLqQFDulXNO5RgyjKN2PqZz7htY4ZejKd1lY5EGSUyo52nhWU+knvQJb/DvS9yva7XLjNMuTFFUZ1XAKu6PrV2eN1919/sy42zoVlMNtYcU8uSl1QV/cCfrVBvaN8ZtWx25Tdmft0RpaXG3XEiPt54UN3qOMZ4FXptGaLiwPtMq7VC2rB+UT1T4EyNLKevcm4qgwIyht2IK1Kz2AFUXei8/e5UhSXtocyFLTg7e2RX0c0hfmHdNxLRrBrzJ7bQaeeQ0XW3SBjfwMjPzAppfPCHw31awtxNviPFXVbRwofXFbDWpclTEredgDCfOht9SnULOSEnKfapqw3q4wpPnQJj8dSVcBCiMfL6V0t4g/ZbjMMPSNMvrQ7yUtOepJ+Vc66q0DrPTrizc7JLaSg/fSnck/iKpkI7jEtBllaB8c7rbbvCavyfiYhV5ZGcKz3JNdAaH8UtMarLyLVK8p1lwoLT+Ekj+Ye6TXCzxcaSA42EFI9KVjkE96d2u5TUbENvKYc2lAWhRSc+3FZ7NOrcxwOTPojZLoi4Fw7UJKFFPoXuBHaplO1QOchX8J7fjXBvh/4vXLSa40UgkofHmOuqKtyeAQr34FdXaL8U9JaneTCg3mOmQW96Q4vaPoCep+VYbNIV+PMLfiWCpKV5C2kqbP3gr/ADrYIa80PoGMnYoDp8jTG33RiUhwJfbdUnIyhQxj60/YUnyhjCenBNYTVg8iMDzEOFMtDiylLSgBz1BFSc2UplpDiCSkEZwnNNkJbWjY82lQJyKWWEhjaAEj60AWxFcBu+Qfz/5LJViCRIK5yJLV0Cz++aeTwlKeQod8+2P6VGeXcw8p1UxKQtWQgo4HsOtTE9/yWVuhC3AhJJCRk4x2Hc0xL6HW0uqBAUAQlYwRkdx2NcO3TNc5O895A5HffPnzOilgRRwJut3CAtZ5xzjpmm8hQSwVhRB2nmkps5pCcKKQnv8AKgrV3iTpzTkluLcZ6UPunCUjnjPU+wrfXp7GOO4ouAIX+c3H2krONueT1qtfFvxPtGmLUtzzUPTCfQwheFH5n2FVl4zeNjUeQuNpiYiS+WwlSk4UlskckEd658uFwlXNQcffedeP3ysk5JJ4FdfSfp/l5ltv+pMav1petTXNUmXIWUqV6BuwEJz0AqNktOTp61Q/PdaUQlsKbCVk49gTRJozw9u15Sh15CozBIIURhSvoKunR+gIVqYSPK810clxYBVXaWrH4ExNYP3MF/s9+Hl6a1Tbbu/PYtbLD7cjesFTmUqB2hIPGcYzmu9Yk+PJbC2nErB9jXN9ugCLtKfTiiq0XmdEdQ3GWtalEAJTyT+FELETiLdXs/lLvCge9KtoAG9fTsPehezXCU1GSu4ow7jPl54T/iPv8hUZqnWTEVlXmSEtjpgHlXy4pxIxmZwDnEKrhemoyyhnY46B1JwhHzJoQuPiXpu3ylRpkl6Q+nlam+Eg+wqs9Qahud0QoRyqHEPVxZwpQ+Xt+FBzvwKFlOXnT3UBwfzpDXAfGaE05PynYVakVtWU6JiahWEHadvfqK3Irzp0qSRl5YC84wadR1BKhkcVspCV9Rg0mUKbPXcn9RUlR6QD7VHXkyEtZSw1JQOqFpzTtC0rAGcKrcnIwoZoRxLPMCzf7fFWtcm3MsPYKTlBwR+ANQ0vXlthNllh8R28H93FhnJz8zR9PtMOWk+aykk98UJ3bRiFEqZbQofSmDaYo7hBN7xIjBkR2LbdJiR0D7oQk/1qRtPiHc3ikG2ttJ9vOJ/ypnP0w8wTmMQPpTEQlMK+4Rj5VTNiQKTLGt95tV0CROiNNun+Ipz/APsOaVulhQR58YFeOUqQva5+Ch1/GgWC6UKTntVhaZnJdihpSgfkaUCGMbgiMYb90ZJQ4tMxodUrBDiR8+/9fwpxMtVru8cpejtrChghQBFObs0+2fObRlSfurH3gPY+4+X5VGtS1mQhLiwxKX0dA/dO+wI/zpq5EE4MqjxD+zlpHUDq5TEdcKQf42DgZ+nSqD119nbVlhbdetCv2i0lRUkIGxwfMV3bHlpW78NKQI0gfwnlC/oaUkQ23BhxsDPv0qZU9wgzr0Z8stQ2O7wG0N3O2vsSgSFB5JAIyT0qNtcswGmmghQc3nOFcpz0/wDma+meqNB2K9sqbnW6O8D/ADIBIrn3xE+zJGdkO3DTUn4Z8kktOjcg59vahNf1GLeM8yjNJeIGoNIT/MjXAK88ZW0vK0BOMbsZ4FXzpb7RWnkvts3qBMjoS2ne8SHUJJzwMc1QetPDHV+nS67dLMt1CAA26zlxIwT2H+Yoahs3aWyhaoL6oylJakLLfCADnrjgis1lIbsTSGDcifQnTWpYGoYES8WaY1NtkgYC2QTsPsodQRRB8Sw40QhaVkDnBzXz50TqvUmjGZ8bT2q12+DJfLnwxbS6o8hOTkddpx7ZFPoHjJrLTjCUsXeQ8XtwWlzatKgo8YB9QPWsL6POdsYMj5eJ13qfXunLPKVDmXWKw6hlTy0LcwQhJwT9cnGKo3Wf2ioCJjseyw3HwnIDyzhOfcDuPyqjvESFqWFcmnNSbxLnN+eEqUCSk9yB0/Tp8qEmW3JMoMoStSlAAADJq6dBWoyYbXHOBLH1D4t62vrzrzNxMaOVYShhXl5HP6+/NAV1F0m3Qmcp+RMdPqQVFSsYyP60baV8M79dW0CRmExknKvUo/Qdvxq4NDeGFosRS+GlPySMF53k/h7VsSoJ4xEvYGGBKR0l4Z3q7yGzIiriRTypSjhXywKsiN4IQHI6EolPMuJUD5n3ifwq548KPGRkhKQB34rxVxipJQxvkL/lZQV/04q3tUCLVWJzIzTWm41mtrEJtS3EspCQpZyTUuottDsMU2Ub1J/sYbUVB/ifXk/+1P8ArWNWHzV7rnNek+7af3aPyHJ/E1lbUDxHik9mNJN2Y8/yGlKed/kaSVq/IUbaHuCoMUuvWpbclXCDt3vLz7AE7foOtRMaNGhoCIrDbCB2QkClFXi4x21sQpTjCV/fU2dqj8s9aqqx92SJbou3Ak7fLheFpJmPsWZgjjzlbniPkgc/nQbOmQW3FKiMuy3j1kyzn8kdvxJpN1pbiytalLUTklRyTSSmPlWgszRYRVkdOW/JVvecUs/PoKj1tHd0qZda46U1WySroagWXunWlZWqVpUMgg1tmtswTKyszWVJJ5is+XWvaypJNChJ7YNZ6+3P41vivMVJJ55isAFPSvfMRj1ZH1Fe545Ga8KUntVSp4pDTg5CVD86YTbJBkg7mUgnuKellBOcV6G8dFr/ADq5MQOuOlVNkrjncPao6IuVbX/UCMGrDKVf/cP4gU0m2xiWCHUpPzHFLKDORLB8GI2q5szGQlZGSOQa2kw20pOceUTuScZ8tXv9PcUza08hh3ezIdR8uDUsy24hvYtXmDGORRrnzKMhVy3PM+AuSUD+R7sn257g+9eIuky3PeQ4nz2x/Co84+Rpa8REyGvKcHlbf7JR6D+6fkf0qK24YCXFKXGHpSscrYX7H3TR7QwlBsdQmgzoNwR/u7oS53bXwR+FbvRgoYWjH60BX7yIKEK+KAkE5SRxke9O7DrdxtKWZw+IQON4+8P9aQ1npttaMCbxkSbutiizGlIdZSoEdxVEeNvgo5ctPy3dNJdROCg43HS5tbUrPJweM4J5ro2BdLZckj4eQgqP8J4V+VKSIqdqlrX6RyeKaHDDBggNWcifOO9eDGsrelciVFQFqA3obOcY/Ch21aYvaNVRXYVnclvxHQ5tWyVthaTkJORg9uD719M/2Za5KcrZafH97mlo1stsf+wgx2/8LYFCyCNW5ucicZa38NLp4l6wZ1H/ALNXS2rcZSmUFqKi4QAAE8YSAAPrzxRtozwEetoSpizNMLxguPKBUfqeTXUICR0AFeZqgoAwIJsJlT2rwoebA+ImMt/JtG6p+P4b2pCQHpMlw/IhP9BRyVVqVir2Awd5genw/wBPN8/ApdV7uqLh/WtJGkYSUbWmkoSOgSMUXqXSSzmq9FD2JBaw6Mri46ZDWS2CaH5tulM5w3xVuvtoUDkCoifCZWDkChOlTwIa6l/MqZ6O5u9YOaS8jnpRvcrYzk9KhZUeJFBcffbbQOpUrFB6JEb62RIMRVHoK3FvWeoqA1Z4saE00laX7o1IfT/02TvVn8KprWf2kbhJ3sabtiY6TwHn+T+VMFQHcA2E9S+p7cKEyp6ZIaZQkZJWoAVX918VtBW+auKq4h1SOqm07h+dcxam1fqbUbqnLvdpD4J/s92Ej8BUCG1HnBNF7R0JXuM690Z9onVGnIyY+o4sy4tN4BclNhLmP8aBg/iM/Orr0N9obw91KpEf9sNwJasfuZf7vn5KPpP51xrqO2XrS0tyPLtZjOkFIdQE7Vj5EpORQkjY06VpirSSDk7tx/LgVpdCDyI99N+J9TIV1gy2kuMPtuJUMhSVAg08CkkZCgfxr5dae11qzTMkOWG/3KElJ4aSvLf4oJKf0q1tLfas1nbdrd6t0W5oHBWj9yv9Mj9KXtEztSwneGa9zXMel/taaPmbEXaPNtqz13t70/mmrQ05406CvgT8FqKAtSv4S6Eq/I1W0xZDDxLMzWZqFiaitcpIUzLaWD0IUDT5ufHXja6k/jVYMrMeA17mm6ZDZ6LFbB1PuKrEmYrxWUnvHvXu8e9STM3zWZrTcK93VJMzfNZmtN1ebqkmZ6+0h5soUAQRjBqHk2pxiEtUT0rSc8/xD2P+tS+/501urrxjqLCsK24I7KohnqCcdyqtah10IU7DebkoO0IA9JHuKjWbbc40dqS/EeZZdOErWkgGnmsvFK8aYntw2LRHmNrCkqLwOWz26dRVP6v8UfEfUcZNqLiGIjasgsRwlSsdMnnpWS7T+o+SZtpYhOBOmbNa4P7HQmU0huQ82FIdBO5IHemmqZEOwWl66vXl9EZACUJUd28+1c0uX/xIu7TKZd4mAsseQ3sw36O+duMngcmp2NG1jeLA1YbpcVuQEEEJx6vzp5oG329xYOG9x4hto/xEuV41VHjQNiYu/DnPJH0q+UObkg/Kuf8AQ+l2bAkKjtBC+pV3NWlZr2tDYbkqBx3zV11lRhu4FrKxyo4hcV1qV/Oh6TqSCyCVyG0ge6gKgLp4k6bgJUZN4hthPXLopm2Kh6pwe9JqeSOpFUdf/tDaCtvCryl5XQBoZzVf6k+1XZo24W62SZHXClKABqYxJtJnVLkxpPVYpnIuzDYJKgAO5OK4V1D9qXWM3em3Qo0JJ6E+o1XOoPFzX17KhLv8kJV/C2rYP0qtyiWEM+g2ovEXTlnbUqdeITGOynRmqj1j9pjRlt3tw5D1wdHADKeCfrXEcufNmOFyTKeeWepWsqP61oGnVpClKyO2TVb/AKhisS+9W/ae1HP3t2S3MQkHo46d6vy6VUupde6v1G4o3S+S3Uq/6aV7U/kKgEsHcAamtP6Zut3kIbiQnVJUrG/bwKr3NGisQfwpSskkk9zTyDbJkt1KGWVEq6HFW7E8MbRAlNMzLq046AFLSeB9KnYFjiW6W6oNRBHx6dx5A+VWUxwe4xEB5lb2LQi32y8+4h0JT6gFY2H50URNO2ONHQ0+2y4vGSUcincxyPAQ4UFEeGpWVYPK6gZlylfEKMH4VLB+7lVZzaoJBmoU8cTq6/QtP3RLbl1bXJiyOQ6pIWg59iBVZ6p8L9MTJKhaPjIa1LAAxlAGOTg89aV8JJmobTYl2+7Q5cuzOLyhz73w5z6uOpTyPpVpMuQWnEvvQ0SIvCQ6DkJ+R9vrXpSosXmMYOVxnmcx6h8NJ0PchlvznG8laWzuV+VAVxs7sd0tOsOtKH8Lidprs25TYEK5/F223NpJwV7kZB+dQupXNOaiZcbnWhlSyCSdgyg/I8cUg6HPUFa28jM45egEEjFM3oi0HcnPHcVemoPDGK+hS7HMV5nJS070UPbPvVdX/Td0tKwLhDW0FDhWMg/jWW3TMnYlPQIMwb/qS0qBt17uMbHTy5Ckj8s0VWbxt8S7WpITqWQ+gdnkhf8AlQ2/H5xio6TF4JSKzFSOplenHUum1fac8QYoHnpgy0+5QUn9DRTbfta3pAAm2FCvctvf6iuYQVMq5GR3FOUJQ4nKSOe1UCTACKfE61g/a7gHHxVlmIP91QVU7C+1npRePOYnNH5tZri1Uc0mWFDtUyZRpH1O8I32n9ELQFOSZLYPdTCqeNfaY8P1/wDjAT9UEVwUJc5tryvOXs9jzTcN1WT5EH0RPoMn7SHh8rrfWR+Br0/aO8Pf/wA+x+Rr58+UMda1U2B05q8yeiJ9A3PtI+Hqf/HWj9Emo+b9pjQIQQm7Ff0bNcEFBFeYNTdjxK9ITrvVHjxoK4vl1ZkPK+TRocc8cNGtE+Va5S8f3K5nwa2ClJ6Gp6n4hCsToh77Qtqa/wCF0+sntuIFMn/tI3UZEKyR2/YqXVBHJOe9Zg1fqtK9JfqXHcvtEa5eyGDEjj+6nNDdx8ZfEKZkKvzrQPZsbaANpzWyEpz6yR9KEux8wvTH1Jq4ay1TPJ+Lv9wdz1BeI/pTVUxaoTapE11x3eVJwsqUAe3NMmYzkh0NsNqWenFKzbfJhAeekJJPAzmgJ/MvbNFTHdgQgqwM8qOSab43EqUST71sEE0q00pRCQnJJ4q8Swsb7M16GjUl8A6gFTuEAe5pa3We5XErMCFIkJR95TaCQn6ntUAzCCCRSW/lU5ZrBcbm2kxIji0Z5Xj0/nVj+F3hY3eEOzLs4pvyCCWTwD9atWyIs9ot67K3ECGAskcdPxppq2jLyyDnaBK10F4dxIZVOvzLcr0jYjfgJPzqxbe3a7fEeejxFlP8GPSlKqh9d3iBDCREQoNNjOE85NCsvVM262bygFojoVlKGx6lVGsG32jg/XcctGeTF9VTnW3nLnPitOtngJT2oJuE2+XpsmKhzyEH0hPH61M6iWwNM5dkFKlf9NR5odd1S6i1iFA2sBCeT0JpdeovevCrjnHP1NDrWh5M8F1aetsiDeittbafTjuaHX7rBCgI8VQQBjlXU0xmTXH1lTmSsnkk5zTJfKiQMUC1rXnb5mOy5mnWN7/7zL+h/wA6NPDb/upM/wAB/wA6ysr03idFpMRP+Tp+v+VB7f8AzRz6H+lZWUxfMlf/ACikD7zP/mGoXxN/5K5/5p/pWVlDb0ZG+QnPN0/tl/U1FufdrKyuE3czWdyNm9a0idPxrKykn5TJ/wA5If8ATFee1ZWUUaZvO6p+lNDWVlV4gzK1rKyqgzQ1qaysqGVPDWprKyhMkw9K97VlZVST0Vr3rKyrkklp/wDt3P8ADWt//wCaOfQf0rKygHykEbp+7+FPbR/xKayso26hRzfOqa6B+zt/9OZ/1VWVlM0/cVZ8IS6b/wCGm0OX7+1c/wAJrKym6n5ma1+RgbM/4F6ttPf8uH+FVZWVl/Tv91pqt+AgPq3qv60Iy/visrK1WdTJZ3GbvWtKysrM3cznuf/Z');

insert into ingredients
(ingredient_id, recipe_id, ingredient_quantity, ingredient_unit, ingredient_name)
values
(1, 1, 4, 'dag', 'mąka'),
(2, 1, 2, 'kg', 'cukier'),
(3, 2, 4, 'dag', 'mąka'),
(4, 2, 2, 'kg', 'cukier'),
(5, 3, 4, 'dag', 'mąka'),
(6, 3, 2, 'kg', 'cukier'),
(7, 4, 4, 'dag', 'mąka'),
(8, 4, 2, 'kg', 'cukier'),
(9, 5, 4, 'dag', 'mąka'),
(10, 5, 2, 'kg', 'cukier');

insert into steps
(step_id, recipe_id, photo_id, step_number, step_description)
values
(1, 1, 1, 1, 'Test1'),
(2, 2, 1, 1, 'Test2'),
(3, 3, 1, 1, 'Test3'),
(4, 4, 1, 1, 'Test4'),
(5, 5, 1, 1, 'Test5');
